UMAP1_PC50,UMAP2_PC50,UMAP1_PC75,UMAP2_PC75,UMAP1_PC100,UMAP2_PC100,UMAP1_PC125,UMAP2_PC125,UMAP1_PC150,UMAP2_PC150,UMAP1_PC175,UMAP2_PC175
-1.8000034,-6.14975,9.072641,17.768982,10.818387,18.534454,18.377913,15.46407,-2.7750335,-7.193904,-4.6760726,-7.503218
-2.5702543,-2.2408578,10.8448515,14.401885,12.207122,15.1575985,18.758377,11.982173,-4.022686,-3.8722827,-6.357575,-4.490555
-5.767281,-4.8651733,13.105829,17.35932,14.316012,18.09329,21.639818,13.364656,-1.0133687,-5.74516,-3.100801,-6.0872936
-5.721486,-4.8905945,13.175119,17.511147,14.308846,18.168526,21.647322,13.431951,-1.0445809,-5.6668644,-2.9213893,-6.145471
-1.569188,-1.6228404,9.866963,13.099001,11.062166,14.421252,17.016699,11.696884,-2.2774985,-2.9197803,-4.9747434,-3.1091568
-1.9102577,-2.8114552,9.843111,14.528136,11.3588915,15.43738,17.600359,12.297347,-2.6159158,-3.6990232,-5.239193,-4.0950117
-5.5652895,-4.808438,13.022449,17.34419,14.312824,18.09292,21.52057,13.4714,-1.1187232,-5.6518197,-3.1313317,-6.0661693
-5.493404,-5.2089477,12.846352,17.45444,14.282761,18.339624,21.370054,13.722646,-0.90528965,-5.5345016,-2.9872694,-5.997518
-3.3509543,0.15777847,11.921451,12.002463,13.018157,12.795899,18.17099,9.518018,-4.3715973,-1.9315339,-7.264516,-2.184853
-2.3927872,-1.843932,11.099923,13.742522,12.24399,14.406956,18.421381,11.318807,-3.9880383,-3.0349164,-6.4745226,-3.3247797
-6.173554,-1.3432243,14.185866,13.658966,15.274986,13.760449,20.59848,9.637098,-6.5767384,-3.043607,-9.201599,-3.5026395
-5.5293694,-4.564792,13.184499,17.077576,14.586672,17.78834,21.424295,13.354052,-1.0788305,-5.585995,-3.2323499,-6.0939875
1.0614038,-4.341095,6.808763,15.207616,8.303724,16.34745,15.306014,14.497671,0.53761923,-4.002232,-2.0714178,-3.8475742
-3.0265927,-1.4292679,10.825487,13.446548,11.726322,14.17386,18.041965,11.226661,-3.3769095,-2.9170265,-6.6434784,-3.1183224
-5.453974,-5.1940446,12.76829,17.603884,14.051591,18.336502,21.35936,13.819056,-0.9397982,-5.4206533,-3.0425682,-5.8871784
-3.2312925,-6.083306,10.352411,17.94945,12.0028515,18.645557,19.713955,15.236569,-4.122046,-7.1490746,-6.072685,-7.41799
-5.5391836,-4.7727375,13.09421,17.308743,14.472795,17.970097,21.511494,13.480528,-1.1347827,-5.5940905,-3.1860158,-6.040312
-5.556016,-5.1652026,12.910905,17.533915,14.189555,18.18405,21.373804,13.873406,-1.0560322,-5.3661737,-3.0978858,-5.6239305
-5.673101,-4.7404284,13.135257,17.269215,14.497302,17.914995,21.573305,13.52435,-1.0965613,-5.675232,-3.1200817,-6.1699166
2.4259324,-3.5180137,5.393506,13.757725,6.650982,15.331037,14.296223,13.501976,0.5970664,-2.5113611,-2.39942,-2.361921
-5.706963,-5.080963,13.010782,17.545097,14.219858,18.290276,21.578163,13.796977,-0.795361,-5.464949,-2.9112797,-5.7739763
-5.5587835,-4.692231,13.023672,17.342066,14.524178,18.064379,21.542677,13.495318,-1.0854832,-5.729433,-3.0995414,-6.2149935
-4.680769,-1.6783932,12.684057,14.436438,14.196107,14.861986,20.501574,11.036655,-5.5029097,-3.6605036,-7.942211,-4.4948792
-5.3250065,-4.7408757,12.955735,17.269152,14.542185,17.813835,21.324339,13.465163,-1.3991418,-5.688584,-3.2296586,-6.132538
-5.6860614,-5.0117583,12.975205,17.530945,14.241553,18.155449,21.490126,13.720941,-0.96451616,-5.527778,-3.114298,-5.872698
-5.573965,-5.1968007,12.930581,17.64346,14.199791,18.264866,21.431421,13.784856,-0.9480134,-5.482834,-2.933019,-5.7787275
-5.609414,-4.739398,13.059264,17.253687,14.449713,17.915499,21.544296,13.478624,-1.1361668,-5.7113357,-3.1897771,-6.139727
-5.2859626,-5.031076,12.607065,17.456354,14.190924,18.073542,21.305689,13.729817,-1.2040592,-5.370038,-3.0668037,-5.794067
-5.3253903,-1.5872447,13.441083,14.017196,14.770516,14.534843,20.544483,10.345749,-5.9555016,-3.076303,-8.638304,-4.0154366
-2.6173077,0.09473559,11.547905,12.065758,12.184712,12.777007,17.777193,9.943365,-4.1539874,-1.7656641,-7.1034245,-2.312284
2.40124,-4.4008007,5.545308,14.894612,7.1681266,16.523317,14.232538,14.643228,1.5567442,-3.2334597,-1.1648315,-3.0922823
-3.0730176,-3.7592146,10.622413,15.167451,12.75159,15.227351,19.19497,11.659239,-4.38965,-4.4490356,-7.38765,-4.6358347
-3.0853014,-3.3231094,11.108446,15.228555,12.417965,15.818475,19.092651,12.047958,-3.9817345,-4.145438,-6.704535,-4.502659
-3.167191,-3.289582,10.873602,15.327975,12.630079,15.677341,19.266539,12.921353,-3.6756573,-4.751307,-6.0796456,-5.3319273
-5.7871366,-4.776865,13.27574,17.39663,14.538729,17.875233,21.674837,13.325858,-0.99631315,-5.6964626,-2.91204,-6.0580096
-5.510726,-5.140934,12.879297,17.575191,14.190044,18.467768,21.516512,13.867594,-0.8000096,-5.478582,-2.9328322,-5.7831097
-0.5931604,-2.1179683,9.16212,12.948096,10.415198,14.015338,16.36007,11.986105,-1.9883538,-2.535534,-4.5328794,-2.6650953
-2.8302217,-4.2977157,10.548825,16.2337,12.314498,17.040024,19.374695,13.526313,-3.4088666,-5.5072064,-5.7100263,-5.628638
-4.066198,-3.5619874,11.9107,15.993882,13.534815,16.806114,20.485266,12.485355,-4.5988946,-4.9497046,-7.245049,-5.759446
0.11598898,-1.2735921,8.406272,12.536765,9.588622,13.556774,15.552693,11.478252,-1.5150852,-1.6050044,-4.4279127,-1.75744
-4.6457806,-0.89642304,12.791656,13.046699,14.085478,13.542585,19.448301,9.634632,-5.4180045,-2.1910748,-8.275042,-2.9943385
2.8320975,-4.6033525,5.170431,14.645401,6.476598,16.35649,13.475779,14.479695,1.7473047,-3.0558467,-0.96415794,-2.5885966
-2.571478,-3.6979191,10.226599,15.47271,11.900937,16.384604,18.537012,13.008364,-2.742346,-4.8055663,-5.1255794,-5.0447373
-1.0303147,-4.1113873,9.102074,15.546194,10.561313,16.54352,17.89053,13.944113,-3.1930661,-5.775075,-5.34216,-6.1309285
-3.4306886,-0.25203177,11.720059,12.358964,13.024351,13.111449,18.614172,9.736725,-4.242726,-2.219472,-6.9950867,-2.733031
-0.38542274,-2.29862,8.611278,13.357707,9.686845,14.215924,16.279371,12.232528,-1.6820341,-2.6539967,-4.2144065,-2.8766084
-4.22707,-1.9471701,12.584059,13.948443,13.850716,14.710438,19.712261,10.908944,-5.1982946,-3.5073557,-7.5215745,-4.2140226
-3.1609201,-3.515155,11.220133,15.546423,12.59178,16.072065,19.421663,12.664949,-3.839804,-4.4547606,-6.404041,-5.1655574
-3.0450852,-2.134175,10.739736,14.583024,12.304208,15.722551,18.545885,12.0972,-3.4040174,-3.722281,-5.8438816,-4.500379
-2.722563,-4.357779,10.268626,16.352564,11.884231,17.309351,18.879347,14.123561,-3.9116256,-5.338797,-6.230335,-5.6668367
-5.305249,-2.295266,13.125465,14.762366,14.617458,15.250036,20.827654,11.088174,-5.9743347,-3.9346771,-8.344187,-4.7124186
-6.0592914,-1.7309006,14.149792,14.420656,15.584659,14.611164,21.273148,10.244341,-6.8402395,-3.3469434,-9.577519,-4.2177386
-1.8082577,-4.130592,9.485037,15.64377,10.991903,16.587385,17.796247,13.515702,-2.1729224,-4.922159,-4.3725095,-4.9864316
-2.1225688,-5.3926086,9.53546,16.836441,11.205834,17.795828,18.643978,14.753523,-3.3373787,-6.474434,-5.3399296,-6.797316
1.3565042,-2.6978114,6.8889933,13.663841,8.219138,14.862948,14.822687,13.183055,0.092837155,-2.503239,-2.670774,-2.7047064
-3.0190868,-3.5447807,10.815211,15.067748,12.43814,15.528553,18.996473,12.5623455,-3.5794697,-3.9623656,-5.9578295,-4.7688785
-4.358777,-1.7415087,12.524768,13.989755,13.873438,14.610337,19.5349,10.773634,-5.3366323,-3.4218652,-7.8529267,-4.2487693
-3.8217952,-4.9577227,11.232307,16.972273,12.878777,17.504698,19.982588,13.755428,-4.4208837,-5.851479,-6.520827,-6.4660225
-6.0982966,-1.1187088,14.028932,13.912697,15.19286,14.040082,20.651096,9.661525,-6.604535,-2.6684475,-9.149075,-3.7674944
-3.7337646,-0.10589413,11.781805,12.42112,13.090367,13.356648,18.437134,9.878694,-4.1840878,-2.3541286,-6.87171,-2.7967968
-1.9488502,-3.6134531,9.829956,15.265982,11.347494,16.243542,18.325014,12.979781,-2.275471,-4.654351,-4.681109,-4.869003
-3.1073842,-4.924735,10.763208,16.750656,12.166282,17.53753,19.644985,13.647559,-4.0386267,-5.640636,-6.165387,-6.0899377
-3.0902252,-6.255941,10.383864,17.999561,11.902761,18.923588,19.66184,15.367599,-3.9724562,-7.3677444,-5.8821697,-7.7458353
-4.952304,-1.9515018,12.491286,14.54467,14.28976,15.429586,20.10293,11.36474,-5.562699,-3.9037573,-7.7253737,-4.485965
-1.8966469,-0.021792406,10.634067,11.638087,11.745918,12.65434,18.229973,10.753688,-4.500618,-1.9938338,-7.056401,-3.5273237
-3.276783,-1.6542872,11.806571,13.283478,12.990731,14.204438,18.910969,10.711022,-4.4683933,-2.8430562,-7.190323,-3.4047477
-3.9159207,-2.9930863,11.889698,14.899053,13.222783,15.832172,19.677006,11.989493,-4.6096454,-4.1519327,-7.165074,-4.909336
-3.3718748,-5.516485,10.725986,17.49265,12.456997,18.076204,20.023502,14.451927,-4.267397,-6.452037,-6.3472123,-7.05093
-2.6563861,-0.016123198,11.255167,11.969015,12.378654,12.902559,17.841312,9.73812,-4.0186806,-1.851641,-7.050303,-2.3829165
-0.42578495,0.37788892,9.314352,10.868987,10.440387,12.07474,15.807826,9.776171,-2.7757688,-0.37508383,-5.823151,-0.82414114
0.78499836,-2.3677487,7.733751,13.321809,9.00857,14.670235,15.395169,12.508873,-0.720976,-2.5265825,-3.3954678,-2.453447
3.1554775,-4.6121535,4.593994,14.769439,6.098416,16.332197,13.414092,14.813416,2.1624098,-2.9821975,-0.44693124,-2.6669328
1.5237696,-4.243984,6.2752852,14.922037,7.9869413,16.187157,15.034993,14.306563,0.7013715,-3.6259727,-1.9485508,-3.357275
-2.4756634,-0.015674774,11.422312,12.132744,12.387608,12.889293,18.079378,9.891097,-4.5159307,-1.8688549,-7.3191786,-2.6833844
1.8892075,-1.8109306,6.705669,12.533712,7.918502,13.869109,14.100996,12.040495,0.21406789,-1.3053542,-2.8745186,-1.1709682
-2.998499,-4.7059383,10.613618,16.584528,12.271062,17.491482,19.899492,14.049176,-3.8895698,-5.7022643,-6.0550385,-6.1503553
-1.5223572,-5.830785,9.073739,17.333027,10.653088,18.133204,18.245005,15.191223,-2.6377106,-6.8060775,-4.5900817,-7.022557
1.9695901,-4.852793,5.820894,15.257721,7.5028787,16.594181,14.587398,14.7816925,1.4416656,-3.8140306,-1.5753633,-3.4158697
-3.1251612,-2.6147158,11.316657,14.530021,12.737536,15.125131,18.989494,11.634091,-4.318267,-3.6789987,-6.8655205,-4.173161
2.6274092,-5.2796245,4.9425697,15.233497,6.5919194,17.038673,13.803592,15.190912,2.3341606,-3.5534942,-0.6298802,-2.9844544
2.4817073,-4.8288655,5.327273,14.945132,6.617547,16.408915,13.862505,14.518101,1.9828185,-3.2590992,-0.82234824,-2.7790427
0.11254014,-2.392339,8.5271015,13.90869,10.074282,14.434321,16.766987,12.727724,-1.7157555,-2.9463341,-4.48774,-3.353947
-1.995502,-0.26455766,10.7825365,11.793499,11.717333,12.806147,17.421152,9.805084,-3.7562795,-1.3354605,-6.4462457,-1.8673497
-0.924572,-1.2733467,9.363076,12.827843,10.751012,13.681024,16.806335,10.947349,-2.434546,-1.9985043,-5.058332,-2.3358033
-1.8868141,-4.6180663,9.362387,16.11907,10.993049,16.93837,18.02931,13.984058,-2.5437617,-5.540613,-4.4758377,-5.738654
-3.4453104,-4.758667,11.261195,16.452541,12.520225,17.347649,20.022991,13.3839245,-4.6148167,-5.687575,-6.8650928,-6.171752
-2.7995763,-5.7872295,9.981782,17.50797,11.49344,18.286612,19.261448,14.755766,-3.6278272,-6.7671056,-5.406459,-7.159401
-3.1524737,-2.4665358,11.061305,14.727365,12.5232315,15.826061,18.947258,12.159191,-3.699856,-4.025034,-6.317362,-4.6919875
-3.6187437,0.10979998,11.913568,12.18859,13.129533,13.143611,18.556162,9.729503,-4.4222593,-2.1933496,-7.058691,-2.7371395
1.4090741,-4.0495076,6.5446277,14.840348,8.039048,15.945382,14.976021,14.347179,0.68852895,-3.5386558,-2.1449018,-3.3341932
-2.5253701,-1.03008,11.181722,13.055311,12.15187,13.660217,18.433893,10.350169,-3.9010358,-2.6459084,-8.542016,-3.4706047
-2.257444,-2.7884743,10.365542,14.416418,11.992875,15.578179,18.32246,11.932634,-3.2969067,-3.6927757,-5.667268,-4.158184
-2.8999264,-3.966422,10.185637,15.519728,11.732616,16.297813,18.439493,13.127559,-3.13176,-4.728446,-5.371254,-5.1916337
-1.6588613,-0.987221,9.889278,12.412881,11.333143,13.723866,17.016544,10.771207,-2.6546652,-2.2241952,-5.489737,-2.3863108
-0.37603274,-5.300132,7.749584,16.439234,9.490255,17.412655,17.024897,15.227631,-1.4585907,-6.5332904,-2.8962708,-5.1074615
-3.8384917,-2.214443,11.928731,14.1724615,13.427018,14.639276,19.608562,10.9876585,-4.8647933,-3.3982644,-7.5011377,-4.394194
-2.74335,-3.818929,10.252322,15.577187,11.988536,16.466768,18.48761,13.079275,-3.4629362,-4.8519735,-5.5736623,-5.0266886
-6.6124244,-1.3394191,14.687624,14.06289,15.861217,13.929727,21.22207,9.577648,-7.152659,-2.901901,-9.844594,-3.677318
-0.49391276,-2.4140477,8.619631,13.90786,10.013914,15.011311,16.600445,12.720472,-1.5553725,-3.2449589,-4.2643924,-3.9611533
-1.7093563,-4.349489,9.282359,16.284998,10.982987,16.815508,18.02789,14.045154,-2.595821,-5.798075,-4.7202826,-5.5944176
3.3351896,-4.5522485,4.4988565,14.438992,6.1365805,16.046555,13.316283,14.485859,2.1988304,-2.6826396,-0.5555548,-2.432793
0.45645908,-4.154799,7.3664155,15.414051,8.790192,16.379194,15.780698,14.332913,0.14561607,-4.175576,-2.582434,-3.9913483
-4.176748,-2.6588373,12.238429,15.144605,13.806597,15.472024,20.06573,11.888144,-5.204388,-4.631974,-7.7088294,-5.3117046
-2.2763197,-4.299174,9.860648,15.893222,11.28767,16.570189,18.047009,13.529373,-2.4940956,-4.941158,-4.6977916,-5.3151684
-2.455692,-0.43700594,10.792149,12.433013,12.133908,13.278692,17.486923,10.333038,-3.2184289,-2.0167942,-5.9930325,-2.3097615
-1.1107249,-3.1237788,9.035093,14.615548,10.50021,15.581043,17.0629,12.8610525,-1.6355726,-3.8992429,-4.1288195,-4.296269
-2.2761264,-3.4892964,10.080864,15.122709,11.737872,16.086899,18.311462,13.011526,-2.5554793,-4.711805,-4.8821015,-4.991312
-4.5531106,-3.1864297,12.356987,15.302021,13.856693,15.858158,20.458326,11.7856045,-5.3746166,-4.4801273,-7.7387686,-5.175795
3.3720844,-3.9633126,4.630401,14.016846,6.1048594,15.750505,13.062068,14.2579565,2.0066166,-2.4677112,-0.7732107,-2.1001413
0.31505617,-2.8990614,7.5730186,14.083977,9.178392,15.149682,15.645778,13.162249,-0.56815296,-3.1154597,-3.248804,-3.102123
-1.8326957,-1.5470264,9.94094,13.104766,11.185636,14.147332,17.283922,11.417229,-2.6558235,-2.8590865,-5.239929,-3.010619
-2.8155031,-2.7425466,10.20859,14.677371,12.440722,15.092165,18.520554,12.08637,-3.3799086,-3.8327794,-6.0565786,-4.2161202
-2.7634408,-4.0397534,10.582558,15.786665,12.200647,16.456854,19.216162,12.928316,-4.6216335,-4.9285374,-5.8867455,-5.2932196
-2.645595,-5.939134,9.915503,17.504189,11.455696,18.392935,19.235056,15.107496,-3.4057925,-6.879628,-5.3494706,-7.114378
2.3399858,-4.4325686,5.6047034,14.737108,7.199481,16.0891,14.0878725,14.324903,1.2081354,-3.1158695,-0.9646089,-2.9784143
-3.1793532,-3.3856173,11.088141,15.228697,12.4296055,16.08068,19.413857,12.540964,-3.9593859,-4.6342263,-6.288083,-4.9828086
-0.08594187,-5.166793,7.5644407,16.28077,9.11662,17.267334,16.31336,15.06317,0.10744791,-4.9066668,-2.5927148,-4.830382
-1.2274408,-4.1549115,8.92259,15.590851,10.57869,16.405579,17.537783,13.708,-1.9500992,-5.2971153,-4.1316905,-5.4313216
2.0459204,-3.2648757,5.59062,14.303643,6.8416057,15.9142275,13.961968,14.045031,1.2020453,-3.0977957,-1.8799771,-2.561925
-2.9527838,-3.0235171,11.086143,14.992144,13.042476,15.810537,19.453493,12.409646,-3.3243246,-4.1121917,-5.692934,-4.588465
-1.4677484,-2.1138656,9.520586,13.78066,10.876385,14.803606,17.296618,12.04703,-2.4031816,-3.3842456,-4.858888,-3.5388157
0.5169173,-4.674824,7.1594234,15.609887,8.84337,16.787508,15.985913,14.604164,0.23301566,-4.3938847,-2.4234917,-4.324288
2.1181839,-1.5895982,6.688435,12.371132,7.7394586,13.692422,14.118878,11.822858,0.12518282,-1.1162955,-2.9332354,-0.94148713
-0.18233036,-4.0173893,7.979343,15.271349,9.439073,16.094366,16.508068,13.9408,-0.7700922,-4.2132897,-3.1678762,-4.223657
-1.9676992,-0.9488903,10.556999,12.126032,11.724382,13.138297,17.463545,10.177035,-3.5071392,-1.67592,-6.4121532,-2.1001964
-2.474198,-4.011928,10.1196575,15.493641,11.758094,16.406162,18.538622,13.081284,-2.965484,-4.9646435,-5.1825404,-5.2090673
-2.82391,0.0057290997,11.4927025,11.803462,12.451448,12.725569,17.793049,9.717361,-4.0502596,-1.6173791,-6.9531407,-2.301109
-3.2365272,-3.8909016,11.067558,16.081255,12.471348,16.855543,19.526241,13.104513,-3.681982,-5.220295,-6.148879,-5.5821705
-2.100322,-3.5757446,9.943337,15.1688,11.609582,15.986098,18.35007,12.800183,-2.6219835,-4.5613856,-5.0816374,-4.937597
-2.3710651,-6.3774586,9.620609,17.812435,11.13096,18.751968,19.013138,15.446866,-3.273537,-7.3471136,-5.2295594,-7.521672
-2.7752235,-2.4137294,10.732184,14.231472,12.562723,15.0321455,18.740452,11.560599,-3.7722628,-3.6271553,-6.137903,-4.062759
0.6215727,-2.056839,7.666874,13.093784,9.101624,14.407861,15.391922,12.348984,-0.5952592,-2.5359497,-3.5104563,-2.3081086
-4.0608206,-2.7341874,12.057946,14.99513,13.491057,15.683068,19.703514,11.515758,-4.831108,-4.13339,-7.047751,-4.760796
-4.6103573,-1.7135514,12.748573,13.498642,13.908446,14.3877,19.810877,10.282733,-5.3416977,-3.1234791,-7.759297,-4.0738945
-2.1604915,-3.29683,9.838062,15.084956,11.419291,15.756265,17.670456,13.238244,-2.1801853,-4.2274256,-4.6963096,-4.5570273
-3.9667256,-1.478075,12.139257,13.552167,13.408238,14.248803,19.194733,10.434809,-4.8170824,-2.9225962,-7.464133,-3.5124545
-3.8867543,-3.2442172,11.799993,15.502062,13.016418,16.326578,19.878868,12.246244,-4.72272,-4.539362,-6.9960213,-5.2820625
-1.4087117,-3.41719,9.251582,14.751496,10.456666,15.840077,17.373177,12.852804,-1.9525765,-4.087352,-4.2789655,-4.1410413
2.2655034,-3.8742301,5.8813667,14.230108,7.3086677,15.743018,14.204731,14.040242,1.0087079,-3.1302075,-1.6813576,-2.684437
-1.6786588,-3.9936776,9.353169,15.567445,11.052745,16.419804,18.104181,13.457406,-2.1422791,-4.7858586,-4.57772,-5.100147
-0.87466854,-3.4861758,8.983266,15.139204,10.390621,16.008863,17.784008,13.651238,-2.062103,-4.9181876,-4.0672426,-4.9923835
-2.99667,-3.7263997,10.576781,15.736082,12.331646,16.307154,18.603119,12.96684,-3.4194577,-4.8749413,-5.59128,-5.240323
-4.1175365,-4.1834583,11.55952,16.301386,13.195893,17.017368,20.127,13.021845,-4.8922668,-5.4183745,-7.3489485,-6.103952
-6.55014,-1.3255633,14.542495,14.041673,15.9416275,13.813518,21.217695,9.557036,-7.066254,-3.0369651,-9.679418,-3.6441195
-4.100563,-3.4064517,11.806236,15.601424,13.406666,16.298807,20.364872,12.430121,-4.4871154,-4.750308,-7.1987114,-5.4383535
-2.5077245,-4.3217783,10.009787,16.037556,11.634099,16.85277,18.813396,13.580373,-2.9016824,-5.3857927,-5.08192,-5.6556726
-4.9079876,-0.8700202,12.969716,13.096428,14.167107,13.544798,19.65606,9.582864,-5.522656,-2.2846525,-8.295876,-3.1840734
1.5798025,-2.251063,6.6905107,13.204227,8.016463,14.500415,14.440406,12.7292595,0.22004281,-2.0453653,-2.6808262,-2.0848353
-6.788559,-1.2554291,14.732059,13.940604,15.892065,13.837474,21.415016,9.558884,-7.262481,-2.973744,-9.836184,-3.5428505
-2.2952497,-3.955142,10.1837845,15.540127,11.615769,16.310415,18.776085,13.025875,-2.8266926,-4.767148,-5.322751,-5.341806
-4.032252,-3.080995,12.06224,15.167306,13.8782015,15.873677,19.99416,11.889523,-5.2648234,-4.910923,-7.353658,-5.6310086
-4.2468805,-1.5390215,12.57509,13.40971,13.553803,14.569907,19.342607,10.900498,-4.6714277,-3.545386,-7.195171,-4.2647285
3.4415393,-4.438009,4.7450376,14.339533,5.959783,15.977987,13.058949,14.318643,2.2405448,-2.7295425,-0.74016994,-2.083389
-3.7955685,-2.0808635,11.695699,14.255522,13.246932,15.743511,19.33445,11.564319,-4.21212,-4.1023827,-6.5692267,-4.65163
-4.734831,-2.7156768,12.625147,15.037928,14.293871,15.606327,20.564367,11.623453,-5.4819875,-4.312119,-7.980169,-4.99916
-0.9285751,-2.7083337,8.795717,14.174591,10.306676,14.986432,16.786188,12.847233,-1.6186906,-3.7253668,-4.048839,-3.699284
-3.1064272,-4.714597,10.527909,16.629456,12.213367,17.215096,19.561674,13.937066,-3.9758594,-5.520008,-6.388933,-6.0173407
-3.81114,-4.074175,11.275691,15.729284,12.661403,16.624708,19.184376,12.847131,-4.1470504,-5.0519137,-5.9531374,-5.085926
-1.8188145,-6.415673,8.915756,17.653202,10.164437,18.312338,18.03052,15.517065,-2.2933853,-7.1516356,-4.5041313,-7.3288484
-3.022488,-4.0047297,10.5271435,15.670684,12.163559,16.364109,19.40536,13.203273,-3.7943006,-4.923506,-5.639747,-5.3762646
-2.3275764,-2.719051,10.201997,14.595474,11.639367,15.347051,17.912098,12.335255,-2.9941652,-3.6728911,-5.539151,-4.1616287
-0.56967634,-4.864366,8.112472,16.346548,9.564211,17.10608,16.937864,14.826638,-0.6501951,-5.197792,-3.311176,-5.1320047
-2.8328295,-0.62808424,10.551812,12.6000805,11.939558,13.548315,17.709126,10.757765,-3.2068808,-2.5106187,-5.953748,-2.962963
-4.9231687,-1.7527348,13.129002,14.351845,14.372649,15.257834,20.430239,11.322111,-5.3453345,-3.953482,-8.046235,-4.6268888
-4.524805,-3.4052093,12.230232,15.4274845,13.795307,16.152704,20.331144,12.108685,-5.143576,-4.690735,-7.702799,-5.2243485
-1.3557166,-4.6815414,9.0831,16.03877,10.849717,16.753605,18.003082,13.76313,-2.2028663,-5.1143074,-4.387656,-5.3690243
3.2862985,-4.1287727,4.583857,14.4164505,6.4228153,16.312384,13.363847,14.8105755,1.9258318,-3.0665858,-0.8666898,-2.6827855
-1.9508749,-5.2315974,9.127201,16.80666,10.819957,17.50369,18.321737,14.790309,-2.6885254,-6.490889,-4.862177,-6.674398
-1.114698,0.087242804,9.677934,11.62543,11.084775,12.567586,16.490753,10.029466,-3.283051,-0.9444735,-6.3207355,-1.4203161
-2.0697963,-6.3396263,9.322737,17.850584,10.893546,18.67296,18.62958,15.615267,-2.9670873,-7.404124,-4.99175,-7.5792756
1.9795723,-5.2939277,5.525088,15.565116,7.243115,16.975119,14.423398,15.115411,1.7646565,-4.020683,-1.084015,-3.6278028
-1.768144,-6.0469465,9.180553,17.492905,10.930303,18.24806,18.415585,15.332307,-2.791826,-7.0114255,-4.6564717,-7.109458
-1.3259088,-5.4091973,8.640411,16.763895,10.30515,17.66662,17.822893,15.066629,-2.0923162,-6.481418,-4.181453,-6.428644
-3.5324008,-0.8676171,11.89589,13.322712,13.168336,14.182223,18.784575,10.597546,-4.4003067,-2.964736,-6.557225,-3.5797765
-2.223432,-3.1106038,10.224859,15.346965,11.765854,16.205826,18.57006,13.113666,-2.9258533,-4.478188,-5.2614775,-4.8998632
-0.21040854,-5.312531,7.6269903,16.326738,9.278927,17.40047,16.56732,15.148202,-0.07231193,-5.2458277,-2.6399024,-4.989316
-2.6042953,-3.5604267,10.707342,15.578202,12.126564,16.344305,18.929127,12.861537,-3.1568563,-4.651857,-5.9021835,-5.291488
-0.9198005,-2.165666,8.807689,13.845562,10.136079,14.85716,16.476593,12.664784,-1.4890586,-3.275774,-4.047562,-2.9848049
0.51180685,-2.0278656,7.850716,13.203315,8.685968,14.151263,15.41202,12.217608,-0.70598775,-2.0053875,-3.8588886,-2.1780605
-1.6058519,-6.2258396,8.803573,17.704447,10.442067,18.41253,18.121134,15.57211,-2.444171,-7.260803,-4.44666,-7.3862014
0.89937097,-2.0346625,7.325398,13.592637,8.802359,13.731068,15.139224,12.538577,-0.6159245,-1.5045533,-3.0741515,-1.9009672
-3.6112344,-3.5091631,11.470334,15.540279,12.958416,16.668116,19.509413,12.923132,-4.3622046,-5.320908,-6.585917,-5.9149466
-3.5726876,-2.7266753,12.058786,14.922539,13.810364,15.62053,20.111315,11.885131,-4.980094,-4.1815934,-7.52412,-5.0462675
-2.0332954,-5.0387106,9.711193,16.836945,11.335809,17.536066,18.612469,14.312154,-2.841862,-5.9781537,-4.960856,-6.3609586
2.2880058,-4.5060964,5.4657803,14.676411,6.9395256,16.322401,13.929161,14.604378,1.4695239,-3.3448904,-1.4890504,-3.011164
-3.328596,-0.52095276,11.13881,12.518699,12.805363,13.328653,18.317974,10.282514,-3.865601,-2.458211,-6.8445835,-3.0065806
-1.388078,-4.410984,8.917231,15.936637,10.392705,16.855047,17.813097,14.223212,-3.1754673,-6.0046306,-5.315141,-6.2008896
-0.6323892,-3.1224992,8.739135,14.491583,10.247328,15.455232,16.843657,13.086151,-1.8605211,-3.666315,-5.046952,-4.491273
-0.06388905,-3.8793309,7.936424,15.11074,9.511512,16.100906,16.504921,13.732844,-0.71992725,-4.1507773,-3.1728063,-4.0066433
-3.7932682,-5.0978165,11.116564,17.12627,12.764375,17.814955,19.972298,14.089444,-4.4047556,-6.1528263,-6.4748316,-6.688333
-4.4045997,-2.8223965,12.290687,14.838678,13.742875,15.498319,20.128906,11.598654,-5.2838035,-4.198617,-7.703415,-4.914224
-3.839939,-3.8660865,11.59691,15.728889,12.9700775,16.281744,19.87093,12.68065,-4.700432,-5.115011,-6.9449162,-5.779161
-0.9794631,-2.422765,9.242511,13.786438,11.135717,15.074147,17.603386,12.03973,-2.873796,-3.6288843,-5.365816,-3.8184998
-2.6058857,-0.4495514,11.329867,12.222508,12.540908,13.05586,18.374998,10.30035,-4.404966,-2.3882303,-7.024263,-2.8540378
-0.8646918,-1.6675643,9.256037,13.04197,10.48053,14.058879,16.647915,11.655713,-2.0655937,-2.7446206,-4.6672215,-2.9709516
0.57619977,-1.26556,7.8858232,12.573879,9.279001,13.571524,15.283711,11.668001,-1.101367,-1.518582,-3.9815128,-1.5495819
-2.8518984,-4.798966,10.47542,16.31502,12.303056,16.966068,18.992847,13.719502,-3.6250985,-5.4551134,-5.7413287,-5.7339306
2.5734,-3.9702835,5.4250183,13.992917,6.8589373,15.671963,13.53175,14.0932455,1.5808237,-2.916218,-1.3644853,-2.2658205
-4.7946544,-3.2135174,12.461069,15.534767,13.928103,16.29004,20.58757,12.239566,-5.3485456,-4.9941125,-7.6898046,-5.826314
-2.326461,-5.285689,10.384261,17.845905,11.365261,17.395964,17.186447,14.499236,-4.6334257,-6.7439604,-5.924311,-7.475855
-2.9142666,0.14435878,11.723508,12.233484,13.017461,12.7543745,18.373005,9.554031,-4.6433377,-1.8401071,-7.276927,-2.5292203
-2.8714387,-5.577833,10.273128,17.528255,11.965883,18.277742,19.324055,14.754303,-3.9240108,-6.759292,-5.742602,-6.782723
-3.532157,-1.2419655,12.127684,13.376064,13.495006,14.152948,19.253185,10.345081,-4.9754324,-2.6554916,-7.681962,-3.382819
-3.996028,-1.3780164,12.138268,13.467754,13.675303,14.461762,19.57499,11.137504,-4.987598,-3.3859744,-7.3128695,-4.294017
-3.2599382,-0.32568347,11.493689,12.488439,12.485232,13.145394,17.97799,10.210191,-3.9656966,-2.0056422,-6.482682,-2.5183277
2.7618604,-3.37566,5.3952017,13.802445,6.461859,15.263335,13.430517,13.681444,1.5738373,-2.3064206,-1.2104397,-1.9121625
-2.3435533,-0.9083453,10.5664425,12.494366,11.903293,13.498438,17.58526,10.545073,-3.5441422,-2.155324,-6.1701174,-2.6296864
-3.3198524,-0.89130133,11.343047,13.100692,12.960626,13.809778,18.673578,10.903896,-4.0098643,-2.986845,-6.8800035,-3.6001136
-6.1270995,-1.1235782,14.180536,13.9530115,15.292549,13.9032755,20.713564,9.672704,-6.7062297,-2.6614537,-9.376656,-3.7105432
2.5952501,-3.9283895,5.609846,13.990066,6.489346,15.691039,13.838506,13.814906,1.1835086,-2.5592098,-1.6539412,-2.1789267
-2.4243648,-2.8691535,10.594727,14.898176,12.10159,15.823531,18.591557,12.52607,-2.775799,-4.2022214,-5.148148,-4.3383083
-2.8448265,-5.712035,10.217759,17.382914,11.816581,18.268309,19.41858,14.81048,-3.7750525,-6.777348,-5.739568,-7.118475
-3.1781642,-1.7824718,11.1896105,14.347638,12.88794,15.834983,18.82023,11.446772,-3.9935017,-3.6650724,-6.70383,-4.350128
-2.3362136,-5.691766,9.594887,17.229338,11.29164,18.066341,18.882977,14.866531,-3.6177177,-6.7839117,-5.6258473,-7.027886
-3.6994727,-3.4465346,11.504603,15.511655,13.065527,16.437496,19.764223,12.812145,-4.296746,-5.1098104,-6.9598227,-5.6111755
0.6136329,-1.8459826,7.657339,12.799206,9.064755,14.043424,15.341417,11.927524,-0.76944095,-2.0230534,-3.730212,-1.9631146
-5.08125,-2.5426667,12.947836,14.895121,14.478527,15.569647,20.771023,11.278768,-5.826511,-4.272442,-8.345595,-4.902392
-3.239921,-2.86954,11.166936,14.716761,12.7500725,15.483487,19.45703,11.9901905,-3.7539449,-3.7376263,-6.3666105,-4.3865356
2.6281686,-4.6655517,5.2848434,14.912531,6.75767,16.549538,13.845348,14.98264,1.7622112,-3.5191934,-0.99817556,-3.3247948
1.1703329,-3.1583772,6.8623333,14.429793,8.425732,15.443058,14.981212,13.513348,0.040224392,-2.952359,-2.5926578,-2.7317736
-2.8208852,-2.5348692,11.137735,14.099725,12.707724,14.998578,19.219887,11.942699,-4.1580625,-3.4942994,-6.5315747,-4.0335474
0.760711,-3.9964674,7.0073757,14.892478,8.428773,16.03895,15.363679,14.209153,0.31246763,-3.7267663,-2.3808308,-3.5172896
-3.3533359,-2.7807693,11.558578,14.671487,12.79823,15.093214,19.666777,11.861814,-4.329968,-3.7673242,-6.942255,-4.632313
0.09557707,-2.9431164,7.950576,14.126759,9.441937,14.893746,15.815556,13.006732,-0.85175914,-3.0920308,-3.7918646,-3.1040854
-2.1239657,-4.9069233,9.427998,16.60582,10.968013,17.372585,18.65205,14.371869,-3.7789946,-6.144284,-5.8721843,-6.3045106
-4.5523295,-2.1173398,12.608846,14.179819,13.879794,15.055314,19.94018,11.046241,-5.4686656,-3.8622227,-7.591142,-4.3112726
0.18362407,-1.8934227,8.139519,13.124438,9.115107,14.302371,15.444956,12.17135,-0.740958,-2.3457494,-3.40923,-2.245886
-4.3683786,-2.6971984,12.267121,14.629251,13.681089,15.154391,19.721807,11.364728,-5.0998936,-3.9032843,-7.5998874,-4.9743705
-0.5490211,-2.8488445,9.331895,13.276452,10.793213,14.340291,16.908842,11.870493,-2.6012268,-2.8529937,-4.7751894,-2.9082646
-2.782093,-4.861898,10.2382345,16.03754,11.826414,17.10795,19.098202,13.521103,-3.340644,-5.525064,-5.3572845,-5.7161846
0.55598146,-3.0437548,7.525208,14.290675,8.799285,15.395917,15.688228,13.550728,-0.19822346,-3.318176,-3.0449948,-3.2752147
-4.541408,-1.0633162,12.703986,13.090194,14.03496,13.656209,19.397041,9.833403,-5.230192,-2.4605062,-7.9449987,-3.2214117
-1.1621692,-5.696947,8.486325,16.934069,10.142271,17.708183,17.593706,15.079741,-2.1044812,-6.442783,-4.1846094,-6.539938
-3.5493996,-0.33539376,11.305696,12.23665,12.649541,13.28899,18.141832,10.166341,-3.823018,-2.0713289,-6.7724423,-2.6830776
-3.1065977,0.1806022,11.93401,11.859016,13.057735,12.628991,18.265057,9.375603,-4.492422,-1.7050115,-7.158829,-2.3064709
-3.3316708,-0.22255099,11.632935,12.0680685,12.924852,13.03473,17.955658,9.978594,-3.7797794,-2.0271738,-6.534964,-2.5321925
-1.5249145,-2.7253013,9.434886,14.330137,10.816564,15.323849,17.221344,12.748553,-1.9555668,-3.8742418,-4.5574975,-4.1593146
3.5168986,-4.4109163,4.6434736,14.296177,6.474768,16.311182,13.662664,14.862306,2.317474,-3.0260997,-0.6800418,-2.7375693
-0.24442999,-1.821663,8.59498,13.168438,9.601664,14.288599,15.995438,11.976646,-1.4325976,-2.3963678,-4.1160707,-2.3474941
-1.2802922,-2.400685,9.267533,14.044443,10.610044,15.344663,17.171944,12.667002,-2.0984526,-3.9226732,-4.467176,-4.177599
1.9099792,-4.3221517,5.734327,14.997343,7.012584,16.059902,14.156924,14.520864,1.274826,-3.371103,-1.2089552,-2.9306555
-2.2724628,-5.829957,9.575227,17.541254,11.2088175,18.355976,18.768225,15.28547,-3.1655169,-6.853832,-5.203813,-7.09922
0.9872019,-2.008444,7.4226236,12.988724,8.658083,14.2436695,14.978031,12.503131,-0.4220331,-2.0229692,-3.1673079,-1.8587167
-3.2676978,-4.3973713,10.52943,16.116697,12.261907,16.836782,18.971382,13.357605,-3.8184152,-5.2436204,-6.031612,-5.8752537
-3.0774682,-0.3338578,10.887219,12.503114,12.074285,13.463344,17.703896,10.440178,-3.4340086,-2.2583933,-6.096208,-2.5003023
-0.34515855,-2.1908493,8.548803,13.775136,9.552973,14.80371,16.123789,12.425468,-1.4711081,-3.1829588,-3.913652,-3.4456654
-3.4125795,-4.6292434,11.07142,16.470945,12.537577,17.499107,19.69549,13.474621,-4.241236,-5.7871604,-6.3462853,-6.0965486
-1.160467,-2.5302024,9.276293,14.07088,10.729033,15.075164,17.361599,12.330065,-2.1965666,-3.6528404,-4.508911,-3.8869808
-3.5794504,-3.0998154,11.437305,15.053565,12.976775,15.805104,19.645622,12.3519335,-3.9278414,-4.176641,-6.337597,-4.7986145
-2.310319,-0.8676815,10.952454,12.507958,11.71655,13.458544,17.762924,10.443468,-3.4898152,-2.2493927,-6.1410537,-2.4631777
-3.8502038,-4.332926,11.525453,16.379118,12.967426,17.092354,19.909422,13.358875,-4.5917387,-5.7922783,-6.7636466,-6.3166595
-0.825264,-4.3382416,8.565825,15.3137245,10.051466,16.598427,17.438452,14.155185,-2.6927586,-5.975056,-4.770081,-6.2337947
-1.3311243,-2.5702274,9.30463,14.3009615,10.9707575,15.37952,17.208319,12.67472,-2.1398392,-4.1561165,-4.8152156,-4.237198
0.36291793,-3.186389,7.817571,14.264541,9.289018,15.215578,15.975358,13.26462,-0.5386254,-3.350501,-3.4149451,-3.3005383
-1.7707857,-2.9646506,9.717252,14.578753,11.14373,15.548643,17.68796,12.760499,-2.4705584,-3.968744,-4.6930356,-4.2953734
0.0057885693,-3.4013202,8.062698,14.589761,9.260386,15.515707,16.02849,13.46732,-0.5668154,-3.562481,-3.2044082,-3.4147713
-3.9161088,-0.98442405,11.375928,13.193982,13.171304,14.14652,18.963165,10.520003,-4.492959,-3.029165,-7.228129,-3.5915034
0.7391923,-2.1875384,7.9811635,13.212229,8.96264,14.389996,15.5078335,12.393479,-0.94864047,-2.362594,-3.58312,-2.3560078
3.6712298,-4.3504043,4.448385,14.282175,6.0158186,16.189901,13.182682,14.528419,2.3148859,-2.6014068,-0.39505985,-2.2959309
-3.3129435,-3.8718305,10.930922,15.652571,12.632508,16.403082,19.595299,12.864806,-3.9401777,-4.8099265,-6.4768057,-5.1664467
-0.96988267,-2.1525981,9.047271,13.817842,10.297772,14.670229,16.817453,12.41704,-1.76332,-3.3199298,-4.4210844,-3.5524666
2.068219,-1.8591045,6.4816866,12.409402,7.6433234,13.743792,13.885544,12.000608,0.3304096,-1.1189581,-2.8668134,-1.0339388
2.6509762,-5.0049753,5.0354223,15.215968,6.6167064,16.435425,14.249741,14.388465,1.6737536,-3.5960574,-1.2869797,-3.1175067
2.2525287,-5.3066483,5.4245586,15.5660305,7.01011,16.965258,14.151471,15.221364,2.0479057,-3.9488251,-0.9351842,-3.4737763
-1.9490988,-5.6921325,9.286075,17.130642,10.717699,18.061424,18.444778,15.128661,-2.6293828,-6.795995,-4.607118,-6.973616
-1.9229786,-1.06128,10.203544,12.687347,11.337068,13.653395,17.314188,10.815352,-2.9207075,-2.361166,-5.655966,-2.595629
-2.0877879,-2.1151402,9.943241,13.625186,11.699017,14.737431,17.546118,11.963926,-2.9443133,-3.3024929,-5.42674,-3.42529
-1.9063625,-4.922297,9.311152,16.521263,10.892427,17.433561,18.258585,14.430748,-3.018578,-6.216747,-5.330941,-6.439737
-2.7133977,-4.735141,10.36071,16.492702,11.986938,17.043701,18.91581,13.720808,-3.3513522,-5.630492,-5.7197566,-5.9723444
-2.0988142,-0.956941,10.521236,13.179799,11.909203,13.936965,17.499846,11.048581,-3.3841927,-2.5884845,-5.9565234,-3.0062773
-3.6063647,-3.4168096,11.608923,15.652087,13.321232,16.394066,19.644777,12.710106,-4.732305,-5.0737443,-6.8839383,-5.661152
3.0861094,-4.1806717,4.8962355,14.123367,6.28678,15.737324,13.253572,14.167478,1.9024627,-2.444558,-1.0264269,-2.2269936
-4.3206654,-2.204719,12.522075,14.040799,14.043544,14.791218,19.86357,10.813214,-5.3545737,-3.3370345,-7.871119,-4.350821
-1.2006879,-0.5015166,9.480024,12.075124,10.615505,13.116596,16.24171,10.62157,-2.2750769,-1.5627421,-5.1389346,-1.8199887
-3.6614516,-2.3995261,11.603967,13.955883,13.053563,14.702329,18.975794,11.121624,-4.3170795,-3.4261696,-6.904842,-4.0638556
2.1974657,-5.2206635,5.4111166,15.385701,7.126914,16.969475,14.337359,15.188312,1.7716341,-4.059467,-1.1623305,-3.7830522
-1.4001446,-3.0900838,9.277266,14.812285,10.673484,15.625152,17.61062,12.997183,-1.9284519,-4.3743763,-4.3086753,-4.707163
-4.462804,-3.234642,12.324415,15.376883,13.649234,15.931288,19.868725,11.449225,-5.224112,-4.77264,-7.423289,-4.9675584
-1.0932885,-5.5399685,8.418662,16.895979,10.215513,17.95934,17.779327,15.271667,-2.2181828,-6.809029,-4.0790954,-6.7481933
-2.0893354,-3.459888,9.836787,15.1714115,11.603595,15.867979,18.444756,12.717835,-2.6675472,-4.5109105,-5.0990586,-4.7841587
-2.4454677,-3.8829145,9.897963,15.553489,11.696447,16.459557,18.646513,13.029712,-2.753582,-4.7954483,-5.010379,-5.164918
-3.6177516,-0.917373,11.165963,13.31111,12.622063,14.122715,18.071314,10.9171,-3.2898152,-2.8990228,-6.114338,-3.1432064
-0.7292458,-1.1966017,9.111538,12.734797,10.314478,13.7570505,16.33799,11.461652,-2.048842,-2.1332955,-4.7214704,-2.4134855
-3.611476,0.13257627,11.858358,12.069547,13.067646,12.864079,18.330595,9.565774,-4.3247266,-1.7833705,-7.0063043,-2.5307353
-3.2569766,-2.895354,11.012885,14.547668,12.625598,15.648982,18.674187,11.889639,-3.682143,-4.4046254,-6.092753,-4.8007283
-0.72147435,-1.3218443,8.692002,12.781144,9.959753,13.823112,16.064598,11.616487,-1.6745746,-2.1795776,-4.4431286,-2.4127872
1.6639051,-2.4487772,6.869314,13.367335,8.204303,14.63996,14.660583,12.876724,0.13099484,-2.428159,-2.844023,-2.2548838
-6.025628,-1.5211599,13.889976,14.260143,15.294171,14.671559,20.987608,10.187212,-6.6748905,-3.3001678,-9.376125,-4.3191347
0.44588217,-2.469051,7.8759856,13.555705,9.264003,14.502767,15.598421,12.599358,-0.80804867,-2.6338255,-3.5430784,-2.739218
-5.217009,-1.818996,13.267276,14.282155,14.635194,14.911132,20.526358,10.593447,-5.9248476,-3.434556,-8.532039,-4.2841325
-3.5824208,-0.09715114,11.718707,12.288573,12.845259,13.128863,18.341984,9.840161,-4.253649,-2.1585956,-6.8888426,-2.6934536
-1.4458735,-5.721962,8.769448,17.0234,10.472119,17.831276,17.95344,14.984584,-2.181766,-6.611375,-4.277298,-6.519267
-0.064265534,-3.8914292,7.871238,15.059775,9.505158,15.981151,16.231302,13.74615,-0.6178192,-4.0648766,-3.1625216,-4.035516
-3.644355,-4.290707,11.152456,16.166431,12.865787,16.686237,19.501059,13.2072735,-4.514317,-5.414234,-6.373094,-5.632292
-3.5141382,-1.8177712,11.621234,13.425151,12.962307,14.344301,18.984138,10.838067,-4.3543997,-3.2852752,-6.958011,-3.79921
1.7342174,-4.0050483,6.406195,14.566352,7.683511,15.832474,14.8061905,14.21631,0.6752044,-3.5938008,-2.152738,-3.2293198
-3.6462178,-3.4624965,11.785175,15.705843,13.011075,16.674215,20.039614,12.812306,-4.1691656,-4.4835453,-6.6925015,-5.2153654
-3.833904,-4.7594714,11.095999,16.569593,12.8189535,17.393503,19.704065,13.63726,-4.3891234,-5.6540613,-6.6472726,-6.1806808
-1.0044628,-3.0058587,9.195681,14.569477,10.765778,15.69855,17.460732,12.864153,-1.8574375,-4.08961,-4.250865,-4.51597
1.0575706,-1.6508876,7.501743,12.7808895,8.635107,14.030289,14.818574,12.124495,-0.63806427,-1.6970106,-3.4589033,-1.6081833
-6.445567,-1.5341301,14.509487,14.30826,15.740617,14.229741,21.273407,9.775482,-7.028157,-3.2462707,-9.761361,-4.0508404
-0.31072372,-3.0497003,7.9149,14.8208065,9.18245,15.91871,16.223215,13.691147,-0.53727484,-3.9011517,-3.0986855,-3.8513691
-2.102594,-6.5705338,9.164745,18.045593,10.753179,18.885887,18.593473,15.743888,-2.7306461,-7.620044,-4.8702297,-7.6745644
-1.3035182,-0.9066091,9.535722,12.415823,10.885684,13.534151,16.78868,10.922198,-2.4876838,-1.9707116,-5.2139587,-2.33774
-1.2358536,-5.753479,8.564261,17.038826,10.106906,17.799297,17.553143,15.183129,-1.883959,-6.6491017,-4.007991,-6.744969
0.4926122,-3.4562902,7.4440055,14.551596,8.819399,15.602526,15.621292,13.663411,-0.1867279,-3.5085237,-2.9306242,-3.294322
-2.7289946,-3.3644803,10.398441,15.08335,11.977561,15.98544,18.411919,12.725451,-3.2705407,-4.391258,-5.1877365,-4.669198
0.38880914,-2.4700706,7.428938,13.706281,9.153011,14.710664,15.601787,13.041778,-0.63117266,-2.8242428,-3.2960489,-2.9262145
-0.2935384,-1.8239435,8.636731,13.310043,10.093187,14.19771,16.24016,11.795735,-1.6455604,-2.5811288,-4.408859,-2.478407
-2.4030333,-1.7006563,10.43621,13.873819,12.074943,15.633647,18.101532,11.644872,-3.5551293,-3.3970942,-6.302747,-4.2775598
0.2451774,-2.055421,8.132986,13.289849,8.971026,14.466598,15.408813,12.547875,-0.7268247,-2.4953027,-3.185072,-2.5435448
-1.9162705,-0.17076626,10.557668,11.767412,11.652593,12.7971525,17.241142,10.137807,-3.528801,-1.2844514,-6.404452,-1.6435448
-3.3798225,-0.9834299,11.017767,13.264519,12.717682,14.0154,18.125784,11.009927,-3.531575,-2.8749669,-6.2258563,-3.2217815
-5.7344584,-1.1669669,14.129623,13.629502,11.466921,14.931019,17.187473,14.169941,-5.2948675,-6.218621,-5.380082,-3.7940135
-3.134552,0.5200453,11.462835,11.884024,12.6526165,12.75533,17.98289,9.615528,-4.3605533,-1.5021164,-7.427269,-2.2544887
-5.181446,-2.2257624,13.093781,14.746781,14.567469,15.359185,20.798794,11.328829,-5.731479,-4.2470098,-8.138854,-4.8682704
-3.2827997,-0.48255634,11.274345,12.700088,12.969525,13.741293,18.52833,10.386806,-4.3674765,-2.748338,-6.964198,-3.119197
-0.61493665,-2.400627,8.514035,13.882887,10.205468,14.552878,16.573391,12.127593,-1.7678736,-2.8478267,-4.6386647,-3.0769947
0.51319575,-4.71966,7.0214944,15.703677,8.686656,16.829094,15.946014,14.826663,0.28180268,-4.5685725,-2.3919487,-4.4193163
-2.5141068,-5.8956804,9.579066,17.47636,11.156219,18.276112,19.058487,15.037671,-3.3777728,-6.9609656,-5.4018664,-7.1382847
0.51012844,-1.3922076,8.067244,12.645829,9.345029,13.724707,15.440034,11.7555275,-1.0696353,-1.6389462,-3.9285595,-1.7670709
-3.2707183,-1.1382457,11.966785,12.876383,12.917809,13.725708,18.600014,10.253151,-4.362335,-2.7534494,-7.1314487,-3.8026571
2.8446927,-4.707926,4.919354,14.763834,6.506761,16.641527,13.369311,14.747369,2.132491,-3.2625813,-0.75959504,-3.022065
0.9274245,-2.6214185,7.436115,14.066136,8.614223,14.861881,15.431399,12.953518,-0.45433566,-2.0678368,-3.3182075,-2.1096628
-2.2457807,-0.501667,10.519644,12.307921,11.833663,13.283123,17.404615,10.207282,-3.1720617,-1.8396252,-6.007923,-2.226955
-1.3649347,-3.069459,9.544942,14.804357,11.031828,15.723561,17.535885,12.782294,-2.4822485,-4.020724,-4.9668746,-4.644929
-3.7283475,-2.2724462,11.743241,14.98929,13.354977,15.9149685,19.472248,11.758569,-4.3853674,-4.264014,-6.9402537,-4.994694
-4.7908344,-3.4421449,12.667873,15.574257,14.31706,15.981497,20.820898,11.87804,-5.675674,-4.77984,-7.921045,-5.485794
-2.8634303,-5.701924,9.876209,17.491848,11.788402,18.112522,19.571455,14.857306,-3.81902,-6.649701,-5.763127,-7.0295753
-2.0356417,-6.6493173,9.189307,18.077087,10.587911,18.797136,18.560019,15.793628,-2.7979991,-7.6629906,-4.8361106,-7.706758
0.59183496,-4.625414,7.041395,15.7403,8.674539,16.749603,15.770673,14.757981,0.24983968,-4.4434857,-2.3204708,-4.298795
-3.8791828,-4.3568296,11.373663,16.476168,12.95651,17.019636,19.785288,13.255741,-4.5571823,-5.5647764,-6.544009,-6.061213
-0.9245844,-3.637488,8.865584,15.066775,10.461964,15.749032,16.944532,13.036404,-1.8208668,-3.2185004,-4.6766057,-3.5655286
-6.4007373,-1.6403513,14.447383,14.413581,15.806728,14.407294,21.344515,9.973681,-7.0006456,-3.218656,-9.74591,-4.160287
1.404532,-2.950154,6.8026333,13.989724,8.12149,15.1577635,14.959901,13.415637,0.25692618,-2.863844,-2.572999,-2.673296
-1.3184597,-4.475159,8.955434,15.809554,10.666511,16.535982,17.660915,13.823803,-1.9913116,-5.175756,-4.108891,-5.3218956
-2.9559407,-5.539195,10.022217,17.35357,11.95265,18.047192,19.279829,14.646279,-3.822698,-6.394772,-6.056062,-6.8653226
-2.33044,-0.53423303,10.968374,12.269114,12.205383,13.173465,17.595417,10.032247,-3.8649356,-1.7686672,-6.622095,-2.169616
2.8314526,-4.986483,4.8196893,14.909348,6.2217016,16.552689,13.659574,14.80824,2.2458792,-3.132301,-0.65181834,-2.6037624
-5.1632514,-2.3632715,13.020709,14.747965,14.729561,15.301726,20.695261,10.875908,-5.900432,-3.951156,-8.359069,-4.682628
-0.039801907,-5.188508,7.596088,16.34681,9.115015,17.329538,16.46864,15.188383,0.020071274,-5.0665655,-2.5647495,-4.870842
-4.0236425,-3.9141839,11.563209,15.790656,13.083094,16.45891,19.804354,12.985978,-4.710749,-5.3179708,-6.9203386,-5.5732603
-2.085704,-3.7181823,10.359013,15.347116,11.676201,16.499413,18.529684,13.119523,-2.9756181,-4.873974,-5.169567,-5.0457053
-2.6695824,-5.2750063,10.098603,17.056812,11.7509165,17.801142,19.148731,14.359122,-3.4402928,-6.207095,-5.594189,-6.486318
0.41896066,-1.8851702,7.7429867,12.907591,9.197155,14.107721,15.511568,11.986347,-1.0888615,-2.213314,-3.7798214,-2.4136016
-2.9406502,-2.4053428,10.762663,14.464122,12.627957,15.9171,18.73394,12.356448,-3.6180625,-4.258524,-6.2607975,-4.8405976
-2.4957697,-2.949087,9.439797,15.833323,11.066451,17.024038,18.39643,14.003299,-3.6498907,-5.243073,-5.6320896,-5.715356
0.5729599,-3.9312432,7.810532,15.390581,9.396511,16.522112,16.32552,14.14553,-0.35336486,-4.010068,-2.9256349,-4.0083523
-2.0381386,-1.9797586,10.240244,13.524471,11.808045,14.508013,17.949778,11.748194,-3.2553415,-3.5427976,-5.8311687,-3.8529785
-2.9634085,-3.791629,10.472213,15.635835,12.179977,16.334946,18.735174,12.950341,-3.3332698,-4.695944,-5.4739485,-5.18678
-2.7484128,-4.14773,10.341483,15.863487,11.891613,16.729277,18.658045,13.302588,-3.0670235,-5.0488834,-5.232314,-5.4071302
-6.558885,-1.2840444,14.590284,13.933912,15.762775,13.927972,21.230738,9.474597,-7.235644,-2.8785052,-9.83995,-3.6007721
-3.316036,-2.0483158,11.287478,14.489448,12.832156,14.739314,18.845085,11.33765,-4.0321136,-3.6287322,-6.688782,-4.1808453
3.0667353,-4.692061,5.029505,14.773722,6.54574,16.295792,13.309173,14.70321,2.1103766,-3.2958634,-0.94313854,-2.68056
-3.4030924,-1.721626,11.548481,13.741472,13.089059,14.551508,19.159231,10.881989,-4.5163383,-2.7572505,-6.7629924,-3.3487449
0.6036176,-4.1928205,7.153853,15.273598,8.749379,16.265804,15.693838,14.404345,0.08363019,-4.131546,-2.493342,-3.9761586
-2.200875,-4.1851516,9.66142,15.669952,11.430863,16.704111,18.33507,13.626832,-2.2833955,-5.151728,-4.5947776,-5.5048184
0.26212162,-2.1737235,7.943479,13.298337,9.176269,14.31367,15.58028,12.324938,-0.9140298,-2.3288417,-3.6554296,-2.1967201
-2.0582957,-4.4905667,9.693837,15.91504,11.387256,16.652977,18.129147,13.35588,-2.5301697,-5.1312156,-4.4641495,-5.3977375
1.8784767,-2.2465308,6.6970787,13.089803,7.987396,14.64819,14.436617,12.8618765,0.23773754,-2.1075072,-2.6716318,-2.0073142
-3.6882977,-0.40152767,11.941015,12.64253,13.239751,13.582114,18.835613,9.971453,-4.4589276,-2.3318808,-7.329768,-3.3651047
-3.1669483,-5.5442023,10.750246,17.171095,12.446563,17.95472,19.949894,14.230182,-4.495899,-6.1842594,-6.576312,-6.7304296
-1.8495783,-3.0380125,9.73613,14.729734,11.501648,15.675258,17.97081,12.658521,-2.6004202,-3.9970407,-5.0906053,-4.4337487
-3.017596,-2.3512843,11.318504,14.005097,12.507432,14.516475,18.724722,11.230687,-4.085539,-3.1316502,-6.6741066,-3.8170745
-2.1773593,-6.7401133,9.209168,18.102468,10.785331,18.89282,18.618574,15.849053,-2.729892,-7.7128687,-4.677901,-7.782405
-1.0089029,-1.4852858,9.480422,12.903586,10.65563,14.440741,16.814075,11.685312,-2.2639143,-2.749267,-4.759509,-2.9673536
-2.2892942,-6.612212,9.478434,18.23208,10.995076,18.990023,18.866823,15.747413,-3.112499,-7.629469,-5.096551,-7.8490667
-4.1785893,-3.1825578,12.043489,15.2317505,13.7213335,15.885359,20.16479,11.966309,-4.669161,-4.3662834,-7.2933035,-5.0004888
-1.4731352,-1.2076625,9.853108,12.756263,11.110971,13.934044,16.93119,11.239141,-2.316784,-2.6694436,-5.0071044,-2.8136358
-2.2145436,-6.5294333,9.367254,18.169851,10.9215,18.906876,18.9139,15.663568,-2.9994302,-7.5212517,-4.9857044,-7.6777606
-1.7531651,-1.6827358,10.020223,13.4452505,11.348556,14.508542,17.508255,11.809814,-2.6024456,-3.2762868,-5.08282,-3.5201442
0.64265,-4.503706,6.9231343,15.587431,8.644244,16.660713,15.706797,14.66838,0.2397465,-4.294508,-2.2756784,-4.1834097
-3.0215695,-0.31662294,11.336905,12.338409,12.5615635,13.215101,17.906963,10.169823,-3.6354496,-1.9710803,-6.5138483,-2.4358902
-0.09493686,-3.3465335,7.998544,14.72348,9.372498,15.58685,16.23573,13.564181,-0.65201646,-3.8404198,-3.2422736,-3.7099757
-4.0869846,-2.0189974,12.206556,14.538773,13.535716,15.616106,20.308786,11.899534,-4.8350964,-4.0236382,-7.19671,-4.6324677
-1.6842914,-2.8235571,9.512016,14.649155,11.376715,15.42204,17.62222,12.610966,-2.6637056,-3.8239155,-5.2051854,-4.3733053
-0.04350428,-1.3172774,8.569981,12.62479,9.857166,13.523946,15.744061,11.421968,-1.655741,-1.7699654,-4.4861856,-1.7402433
-2.707432,-6.4117193,9.830729,18.011858,11.459842,18.884687,19.317066,15.552247,-3.673463,-7.4462996,-5.6322517,-7.7926702
-0.84611607,-2.920402,8.913121,14.318736,10.335781,15.408214,17.065996,12.816581,-1.6436726,-3.960685,-4.0596046,-4.351216
-0.70874864,0.07203265,9.526767,11.290486,10.686669,12.206409,15.99993,9.830526,-2.9157436,-0.6069867,-6.065404,-1.126416
-1.9966152,-3.2262554,9.775225,14.949321,11.405014,15.979156,18.306353,13.152957,-2.6829648,-4.7717514,-4.964243,-5.090137
2.9659367,-4.8577046,4.7446904,14.886038,6.435881,16.370594,13.369323,14.284616,1.916129,-3.1299384,-0.99339265,-2.3575118
-3.5909114,0.018896608,12.269534,12.400285,13.217848,12.912454,18.463778,9.390129,-5.061456,-1.7254179,-7.937346,-2.4574404
-4.589914,-3.5998142,12.263536,15.641931,13.9463415,16.148346,20.558271,11.94042,-5.517712,-4.7104435,-8.031228,-5.558631
-0.2963505,-3.4737022,8.329025,14.667018,9.575694,15.817539,16.604422,13.272097,-1.0038269,-3.9014754,-3.654834,-3.9418087
-2.9933612,0.20538546,11.489709,11.853811,12.800136,12.682091,18.026249,9.390089,-4.211669,-1.6226543,-7.064944,-2.2710338
-2.7667449,-2.781978,10.888978,14.737448,12.397902,15.390664,18.435312,12.218835,-3.3336337,-3.9491954,-5.791869,-4.277941
-0.45864683,-4.1091604,8.165447,15.405017,9.704274,16.227293,16.551254,13.845391,-0.87296385,-4.2528696,-3.3032331,-4.188441
-3.3535748,-0.980953,11.8297615,12.875398,12.987117,13.562056,18.379993,10.383544,-4.4346113,-2.6630359,-7.099298,-2.9813428
-1.6591916,-3.8867836,9.602994,15.27145,11.022671,16.313711,17.752787,13.35454,-2.0380208,-4.6353474,-4.489512,-5.1423206
-2.0781677,-3.1110575,10.246209,14.588514,11.761743,15.36982,18.157608,12.393357,-3.0829117,-4.0852685,-5.6784477,-4.3639445
-4.0163007,-0.8558273,11.64816,13.085209,13.183837,14.029773,19.36461,10.303435,-5.504927,-2.8244374,-8.044732,-3.4597242
-2.147577,-6.4072657,9.507931,17.783258,11.039664,18.739944,18.836357,15.566606,-3.1345556,-7.3020244,-5.250529,-7.5467896
-3.7044785,-2.5230026,11.808324,14.344897,13.336642,15.180551,19.390148,11.342704,-4.875112,-3.770923,-7.1324897,-4.324476
-0.039622005,-3.3100932,8.073745,14.29063,9.694712,15.293241,16.191942,13.008341,-1.0531194,-3.3379188,-3.887745,-3.1630216
1.6480238,-2.5612545,6.750614,13.291426,8.076564,14.629386,14.38875,12.968189,0.096032396,-2.3167064,-2.5813103,-2.292854
3.1722867,-3.9176896,4.9270663,14.328163,6.7598057,15.798937,13.569369,14.030042,0.8097366,-2.845329,-1.9785688,-2.5925071
-4.8514204,-3.6582315,12.422453,16.065065,13.978358,16.733377,20.924278,12.358708,-5.6132946,-5.1238213,-7.9678903,-5.979207
-4.6794186,-2.0579698,12.236181,14.267052,13.66032,14.8470335,19.923767,10.817284,-5.2431173,-3.4130063,-7.773345,-4.0965953
-1.49809,-2.831072,9.322434,14.616229,11.234013,15.616926,17.947775,12.218415,-6.13087,-2.6630728,-8.895801,-3.761195
-2.5912092,-1.5689923,10.886054,13.414276,11.853092,14.262023,18.053482,10.788042,-3.5053332,-3.164005,-6.0366793,-3.3456173
-3.2678702,-1.2602046,11.542006,13.358368,12.794982,14.134979,19.616413,10.119606,-5.4864345,-2.7351372,-8.472715,-3.691322
2.1873133,-1.7322146,6.5159974,12.2838745,7.6488647,13.558884,13.836382,11.853959,0.17206238,-1.0243752,-2.8778558,-0.86464614
-2.5119512,-1.7639339,10.19791,13.580872,14.207998,14.276704,19.998734,10.224278,-6.017985,-2.7630632,-8.559108,-3.6228704
-2.4790316,-0.41910133,10.522119,12.306674,11.897091,13.189684,17.056278,10.312723,-3.0046086,-1.9975382,-5.6937733,-2.2875516
-5.062742,-1.8755707,13.486037,14.11494,14.635664,14.589803,20.477257,10.420633,-6.3204126,-3.3908012,-9.034125,-4.1793914
0.70475507,-2.5610135,7.5395193,13.71221,10.363858,15.564903,17.273224,13.222248,-2.1331313,-3.8641644,-4.4006906,-4.2527366
-3.6742895,-0.524632,11.131397,12.939488,12.286202,13.61261,17.907707,10.8655,-3.2098618,-2.4168525,-6.2351313,-2.9377794
-2.122277,-3.9163234,9.632929,15.738359,11.524365,16.732285,18.572046,13.630174,-2.844991,-5.295913,-5.213851,-5.576468
-2.1695127,-6.175954,9.385409,17.67118,11.018306,18.540052,18.747004,15.400347,-3.0408523,-7.319584,-5.1421657,-7.3418217
-0.70296454,-2.4181511,8.795021,14.078484,10.076673,15.022518,16.64087,12.420137,-1.8361896,-3.3181624,-4.3846807,-3.6595445
-2.5937192,-4.741348,10.190616,16.74051,11.891882,17.651146,19.17592,14.175332,-2.95558,-6.0010314,-5.536735,-6.257761
-2.5640755,-0.9471818,11.421044,12.84778,12.593643,13.688989,18.186672,10.298021,-3.7068896,-2.4267035,-6.480293,-3.1822255
-1.0312735,-3.08033,8.949574,14.640013,10.521024,15.590192,17.257717,13.160314,-1.7452636,-4.4028053,-3.911593,-4.5023932
-4.4566283,-3.3046222,12.511319,15.388674,14.091711,16.092472,20.44029,12.0862875,-5.429284,-4.6859155,-7.6313004,-5.1849046
-3.3201933,-4.325196,10.871032,16.269434,12.525211,17.30266,19.692907,13.491316,-4.053061,-5.4465494,-6.196263,-5.803798
-6.0306315,-1.6451854,14.015906,14.308681,15.37457,14.529043,21.086472,10.162151,-6.690158,-3.2746017,-9.468061,-4.309483
-0.2798413,-3.1899467,8.381484,14.361108,9.678983,15.293508,16.483799,13.306564,-1.391695,-3.6159675,-3.9744473,-3.7494676
2.143401,-4.4765973,5.819465,14.975787,7.311571,16.48741,14.681269,14.498982,1.1811192,-3.6907246,-1.5201144,-3.4310207
-1.9055449,-1.0321965,10.298263,12.79149,11.805936,13.696101,17.45945,10.836707,-2.85476,-2.525869,-5.7330656,-2.8198893
-0.1688109,-3.686375,8.039171,15.070076,9.71775,15.714433,16.671587,13.592669,-1.1395218,-3.8154883,-3.711101,-3.804363
-0.33947766,-2.9636426,8.423178,14.465262,9.646818,15.572044,16.329739,13.162412,-1.2012044,-3.7126274,-3.741778,-3.6893394
1.0152184,-3.7189078,6.8560767,14.523037,8.341697,15.731974,15.3268585,13.948189,0.1905901,-3.3575847,-2.6587443,-3.7930827
-0.5876521,-3.3407896,8.344865,14.469943,9.764192,15.555392,16.352541,13.454136,-0.8452393,-3.721779,-3.8105245,-3.580148
-1.356575,-3.9233172,9.142096,15.33128,10.712453,16.332397,17.475965,13.222622,-2.206927,-4.4940996,-4.708802,-4.624764
-2.2197783,-0.78822094,10.842624,12.361448,12.246,13.4803505,17.80763,10.475302,-3.4514663,-2.2300467,-6.6265073,-2.6048193
-1.3567799,-5.8219256,8.771922,17.239166,10.441743,18.073772,18.011103,15.280278,-2.2490845,-6.856825,-4.332278,-6.899264
-4.7746053,-3.6621928,12.51196,15.894032,14.106909,16.466328,20.922657,12.092973,-5.590495,-4.902617,-8.126566,-5.5825996
-3.4149885,-1.9074912,11.609872,14.553081,13.308657,15.899993,19.573261,11.693868,-4.6379137,-4.188777,-6.5494123,-4.532755
-2.2338314,-6.764755,9.307094,18.307245,10.806278,19.053862,18.696398,15.906549,-2.9054997,-7.757053,-4.815692,-7.9213367
-3.2566388,-5.645129,10.667984,17.392233,12.126352,18.380827,19.707209,14.811079,-4.196892,-6.7298303,-6.0487657,-7.151444
-3.0594673,-4.845328,10.831244,16.61617,12.389183,17.314453,19.258684,13.863733,-3.7253397,-5.761595,-6.0241714,-6.355693
-3.4122744,-5.742096,10.43115,17.437332,12.18192,18.066406,19.698114,14.472219,-4.1635284,-6.589823,-6.3461547,-6.980932
-3.0457191,-0.51281744,10.672561,12.59824,12.251711,13.41248,17.662325,10.630109,-3.403316,-2.3873472,-5.971251,-2.771145
0.9930534,-3.4337888,6.996757,14.8199215,8.503799,15.875264,15.528575,14.047815,0.117604375,-3.7476637,-2.6134343,-3.5849879
-2.031,-1.7702532,10.146752,13.688119,11.668421,14.591077,17.873089,11.60839,-3.1850967,-3.5001857,-5.694403,-3.5180838
-2.066117,-0.5768724,10.465642,12.23565,11.38419,13.232421,17.158157,10.336598,-3.1843987,-1.7464775,-5.900622,-2.247475
-4.113751,-3.2624805,12.012571,15.264888,13.977009,16.029097,20.379827,11.705657,-4.971689,-4.475577,-7.233977,-5.3157916
-1.7256083,-4.426476,9.4287,16.071026,11.556219,17.295076,18.864393,13.935877,-3.054555,-5.8462343,-5.1539874,-6.0853987
-1.4457244,-6.065251,8.584267,17.443104,10.218817,18.233034,17.847876,15.596297,-2.2013938,-7.0853515,-4.1363153,-7.1485176
-2.9657178,-4.0974464,10.501803,15.838001,11.985864,16.636633,18.588308,13.4533,-3.2945397,-5.2378206,-5.284843,-5.3393517
-0.6109139,-1.6194608,8.749746,13.267311,10.124468,14.454251,16.353752,12.137808,-1.4280577,-2.5664608,-4.287222,-3.1078439
-2.1113775,-5.733739,9.4005785,17.376225,11.166049,18.159954,18.649864,15.174367,-3.1557121,-6.868174,-5.3713527,-7.1560154
2.8205092,-4.7299848,5.0521364,15.280272,6.300251,16.695862,13.779603,14.741686,1.9441323,-3.4584262,-0.75285226,-2.8707087
-2.7873,-3.5709589,10.868675,15.600565,12.4388075,16.539719,19.055197,12.79879,-3.8092055,-4.740392,-6.195378,-5.1282034
-1.4680531,-5.950137,8.787594,17.276628,10.310753,18.038364,17.858953,15.333674,-2.49577,-6.9171033,-4.3099437,-6.9818277
-4.860022,-2.8329372,12.842268,15.101039,14.268498,15.685201,20.711985,11.662111,-5.4647126,-4.358199,-8.009514,-4.9703383
0.73234046,-2.2773802,7.183294,13.258806,8.828906,14.324718,15.216781,12.714272,-0.31221637,-2.32862,-3.148162,-2.2870235
-0.9391066,-5.3517847,8.350865,16.72532,9.868424,17.562214,17.248365,15.170353,-1.6694824,-6.4602146,-3.7206407,-6.106619
-3.9294574,-1.1257082,11.682172,13.351545,13.284887,13.885139,18.970297,10.312012,-4.514932,-2.7773554,-7.242535,-3.299048
-2.5483704,-3.9252324,10.238365,15.902979,11.937302,16.61862,19.025995,13.28139,-3.0109468,-5.1046205,-5.5863647,-5.630028
-3.565043,-1.4510133,11.316344,13.989193,12.730422,14.427445,18.77289,10.88407,-3.8026133,-3.1292462,-6.338826,-3.4818957
-0.092359126,-2.6591969,8.238863,14.03868,9.611769,14.945771,16.049446,12.77043,-1.0965735,-3.0748315,-3.9278772,-3.1818225
-0.35787478,-1.5460508,8.828246,12.90976,10.153643,13.850717,16.146696,11.519622,-1.8394579,-2.1333435,-4.503617,-2.3812153
-4.9754987,-2.7283132,12.909993,14.909595,14.350614,15.402901,20.607239,11.313409,-5.6860123,-3.9116752,-8.134063,-4.7905893
-5.8787627,-0.8368005,13.915409,13.741494,15.011716,13.993219,20.442907,9.684933,-6.3893433,-2.5084023,-8.978325,-3.7819319
2.0119865,-4.68229,5.9024215,14.923689,7.4598703,16.37946,14.526127,14.751143,1.2276484,-3.6811821,-1.7133518,-3.1133897
-2.0811892,-5.756915,9.387613,17.437849,11.086717,18.135092,18.63327,15.090052,-3.0217094,-6.884086,-4.997877,-7.0896025
2.3676333,-4.302664,5.514518,14.500296,7.020955,16.099295,14.042526,14.449571,1.5755602,-3.1500583,-1.1810439,-2.9067683
-1.8593938,-2.2696688,9.892174,14.040435,11.489009,14.896958,16.969742,14.14396,-5.163297,-6.4662094,-5.4444065,-3.8444963
0.8134441,-1.7109655,7.7152414,12.809337,9.1523,13.819966,15.194446,12.104609,-0.6202549,-1.917945,-3.5200434,-1.9825498
-5.3899393,-2.622184,13.191984,14.870893,14.609526,15.072834,20.917032,11.121965,-6.0965676,-4.073529,-8.619805,-5.0401955
0.3278701,-3.1351688,7.8538527,14.242502,9.599682,15.357185,15.9264555,13.056932,-0.52701294,-3.156496,-3.5264072,-3.065406
1.5467565,-1.877796,7.1331744,12.752818,8.119465,13.90379,14.465444,12.210927,-0.08078534,-1.6665016,-3.0293746,-1.4836358
2.8902326,-4.118356,5.107802,14.058663,6.4555793,15.6043415,13.353438,13.993406,2.0304093,-2.6907988,-0.96670115,-2.3350585
0.4723394,-0.985753,8.052182,12.136931,9.221385,13.203842,15.032493,11.24168,-1.1254383,-1.1718982,-4.093201,-1.360342
2.8656538,-4.7689886,5.051463,14.795499,6.243395,16.624096,13.212831,14.558125,2.1664588,-3.0073555,-0.79730725,-2.5431395
-2.7919853,-2.7886324,10.883726,14.507016,12.211352,15.212593,18.7328,12.012116,-3.697597,-3.7885618,-6.112339,-4.145387
3.6029458,-4.2615676,4.486908,14.12284,6.031652,15.754931,13.019884,14.370108,2.2164686,-2.4255266,-0.43267384,-2.2038465
-2.348578,-0.3821309,9.977378,12.721598,11.27319,13.596388,16.92225,11.310273,-2.5201108,-2.5213256,-5.332415,-2.877891
-5.294474,-2.4540703,13.062509,14.639475,14.577136,15.039889,20.752653,10.914726,-6.0430236,-3.9174836,-8.597238,-4.7450104
-1.6335691,0.114806704,10.478733,11.327841,11.625145,12.335061,16.992996,9.579897,-3.7163212,-1.0517794,-6.648318,-1.5905563
-1.1107424,-1.0816368,9.49587,12.73466,10.609004,13.685944,16.682625,11.075486,-2.3651407,-2.2603192,-5.0653443,-2.3181145
-2.6156964,-5.2722163,10.280994,16.892809,11.849062,17.882462,19.518526,14.435993,-3.4765239,-6.137026,-5.9111476,-6.633709
0.09080415,-5.0044127,7.3586583,16.073008,9.047125,17.191069,16.32564,15.07286,0.13338794,-4.8010616,-2.5183663,-4.6851974
-2.727456,-1.191077,10.239387,13.374199,11.480504,14.1981325,17.4522,11.576021,-2.7832558,-2.9325309,-5.4305987,-3.3823702
-2.4844189,-2.2771819,10.721693,14.074351,12.0019865,15.333322,18.85851,13.817544,-3.6515605,-5.6244917,-6.051193,-5.598219
-3.0821023,-3.2151146,11.107346,15.095451,12.643443,15.504513,19.062647,12.367971,-3.9403665,-4.3175178,-6.472661,-4.688735
3.3507657,-4.665356,4.696292,14.615882,6.324473,16.19907,13.201961,14.910177,2.4103158,-3.0843732,-0.675018,-2.6362233
-3.5976906,-2.8496697,11.68262,14.752924,13.253184,15.216261,19.450659,11.790529,-4.56684,-4.156915,-7.117595,-4.610749
0.9692863,-2.0990741,7.4521904,13.7922945,8.656023,14.256981,15.077547,12.691536,-0.4706921,-1.8639463,-3.393623,-2.2522728
0.9108161,-2.2959797,7.529611,13.365793,8.742829,14.113242,15.041481,12.41671,-0.5276657,-1.7217026,-3.4275324,-2.0139818
0.9570123,-2.3701859,7.6101737,13.633538,8.685687,14.431906,15.321652,12.734323,-0.9269073,-2.734187,-3.79549,-2.9749699
-2.444217,-4.5848107,10.031363,16.505953,11.902971,17.29987,19.154425,13.899502,-3.0667114,-5.7570925,-5.4126463,-5.889994
-1.4986331,-6.047695,8.778844,17.540962,10.342667,18.320992,18.031406,15.454726,-2.4131446,-7.0724397,-4.4079356,-7.245281
-3.1959963,-4.418386,10.633814,16.468151,12.228677,17.230434,19.499369,13.7843275,-3.4300072,-5.623987,-5.777121,-5.904026
-5.1893535,-4.730407,12.748623,17.094893,14.181568,17.808147,21.016722,13.559797,-1.6125981,-5.7090006,-3.5785604,-6.1941404
-2.9392467,-1.0393041,10.1196165,13.060432,11.6847,14.156737,17.455635,11.694491,-2.4569633,-3.1060598,-5.0382814,-3.4549422
-5.3099113,-4.912884,12.713651,17.308256,14.276491,17.887787,21.252256,13.701046,-1.2792548,-5.506286,-3.3354447,-5.9403896
-1.8965954,-4.457635,9.516305,15.776663,11.122596,16.924522,18.339657,13.84364,-2.0490398,-5.2833447,-4.2584605,-5.598618
-5.322006,-4.810146,12.70299,17.349556,14.106114,18.009176,21.179398,13.734127,-1.2783402,-5.289134,-3.3102684,-5.734502
-5.737606,-4.5068946,13.306782,17.147272,14.67306,17.695004,21.643324,13.24114,-1.0947033,-5.5484586,-3.0660715,-6.263526
-2.558228,-4.600981,9.901467,16.269066,11.892481,17.206152,19.185612,13.826803,-2.9424107,-5.6388574,-5.2341385,-5.852688
-5.7025833,-4.838681,13.123826,17.212297,14.14254,18.08517,21.445457,13.451961,-1.2198918,-5.5558505,-3.1912127,-5.972171
-5.3677607,-1.7810935,13.105473,15.134396,14.614368,16.137846,20.824339,11.879727,-5.242232,-3.801533,-7.6732287,-5.077148
0.5334503,-1.9746931,7.8173404,12.966488,8.944929,14.324685,15.488734,12.081253,-0.6097722,-2.3771055,-3.299971,-2.2790103
-3.8523574,-0.07989953,11.703601,12.421236,13.19586,13.368052,18.60013,9.697495,-4.102263,-2.2976708,-6.775941,-2.6213748
-1.1431243,-2.3785357,9.320829,13.873513,10.808486,14.886251,17.129875,12.239714,-2.0080473,-3.4288607,-4.6337276,-3.6989396
-0.16728969,-5.3036904,7.6147876,16.379246,9.231514,17.418081,16.512173,15.225999,-0.005631583,-5.0828285,-2.5839942,-4.971785
2.6090753,-3.3510127,5.3244376,13.801121,6.7413764,15.179162,13.449385,13.70715,1.5531921,-2.3315344,-1.7609037,-2.1119246
-1.6695843,-3.2415786,9.652955,15.3417,11.137538,16.072374,17.768606,13.005587,-2.4756868,-4.5301795,-4.560239,-4.8323145
-0.5645473,-2.5502236,8.772949,14.065373,10.022512,15.316385,16.546068,12.887405,-1.332229,-3.5118601,-3.8896694,-3.7800841
-4.4037848,-1.7697951,12.459451,13.937861,13.790567,14.705748,19.731758,10.770855,-5.3606076,-3.3323958,-7.7365623,-4.1029954
-1.6477702,-3.2458475,9.560087,14.920467,11.012541,15.78147,17.79824,12.770256,-2.4185061,-3.9617133,-4.590987,-4.4330196
-3.886525,-4.071079,11.66031,16.22129,13.349204,16.895483,20.051167,12.969701,-4.910428,-5.164518,-7.0558367,-5.9357824
-3.2163308,-3.2579737,10.978834,14.8166065,12.604075,16.223454,19.202045,12.340991,-4.075153,-4.631635,-6.637472,-5.0121803
3.4621482,-4.416251,4.8331194,14.378068,6.0596347,16.01032,12.952273,14.564025,2.2376013,-2.707602,-0.5493547,-2.3256252
-2.6592808,-2.0506878,10.921743,13.908123,12.295271,14.737514,18.784933,11.638961,-4.084796,-3.6095512,-6.5311685,-4.4133782
0.59111506,-4.5192733,7.023398,15.606543,8.623776,16.623817,15.789793,14.7163515,0.32372898,-4.383016,-2.2595665,-4.2245173
-2.822172,-6.2174726,10.075894,17.957932,11.699767,18.810614,19.368414,15.352353,-3.772536,-7.353382,-5.7134233,-7.4952717
-1.7073512,-1.4480482,10.069473,13.196632,11.335527,14.352539,17.427193,11.454698,-2.583065,-3.02546,-5.3482018,-3.16355
-2.634122,-0.43284205,10.554198,12.194182,11.930808,13.327713,17.403812,10.256384,-3.4136872,-2.0024345,-5.820612,-2.279145
-1.2453899,-2.5786583,9.173929,14.35226,10.914991,15.429733,17.247427,13.07345,-2.3075604,-3.8401532,-4.7745767,-3.9994528
1.2540425,-2.6969233,6.675523,13.6841,8.10772,14.928879,14.4765625,13.18209,0.56246364,-2.5488236,-2.372138,-2.4930468
-2.665261,-6.6026073,9.7845745,18.290552,11.362111,19.061697,19.376345,15.710906,-3.5763974,-7.653894,-5.539957,-7.9306955
-4.738224,-1.0608524,12.853499,13.118302,14.089036,13.71912,19.493708,9.840225,-5.3905544,-2.513533,-8.113978,-3.3524027
-4.6852493,-3.0094898,12.515151,15.267501,14.089806,15.886408,20.35414,11.861573,-5.5613246,-4.609293,-7.8683324,-4.968711
-3.4933197,-5.4499207,10.558908,17.2433,12.164998,18.096016,19.713516,14.447165,-3.8866706,-6.6131244,-6.117616,-6.898921
-3.9343169,-3.0663233,11.881173,14.985692,13.483132,15.720336,19.666115,11.6495695,-4.4607544,-4.025093,-7.1472626,-4.7233467
-4.3278284,-2.1619911,12.320421,14.196412,13.814733,14.6949005,19.557014,10.627567,-5.240862,-3.095302,-7.567463,-4.020707
3.0580602,-3.7803485,5.0178976,13.818588,6.582134,15.44506,13.41395,14.032536,1.7409406,-2.540892,-1.3252336,-2.1332793
-1.682565,-3.7844474,8.974557,15.156561,10.650482,16.06283,17.188217,13.345586,-2.3094077,-4.1246033,-4.30329,-4.174475
0.9159177,-3.4940875,6.958898,14.547975,8.230822,15.730474,15.163982,13.995305,0.20727599,-3.2750938,-2.5149941,-3.301238
-4.672323,-2.8921583,12.651454,15.138163,13.990006,15.829501,20.34025,11.476665,-5.225078,-4.3052764,-7.6714287,-5.1011257
-5.7432523,-1.1543406,13.587596,13.817244,14.826778,14.080769,20.265547,9.764458,-6.173849,-2.6755362,-8.854381,-3.6868072
-1.3835429,-6.0544825,8.584245,17.42259,10.252365,18.268667,17.937532,15.6205015,-2.3064337,-7.141617,-4.224718,-7.1418524
-3.0810926,-3.1289263,10.125599,15.589617,12.465866,16.537844,18.843443,12.775896,-3.6484163,-4.9407334,-6.0578613,-4.9819927
-0.914909,-2.810016,8.96068,14.289674,10.274879,15.40997,16.907055,12.599984,-1.5846905,-3.7788672,-4.078993,-4.050147
-3.2610474,-2.27088,11.284986,14.595259,12.830953,16.063034,18.830387,11.915008,-3.7049813,-4.231947,-6.2009654,-4.611752
-5.233783,-2.6885934,13.09178,15.119833,14.571852,15.516676,20.861364,11.491166,-5.8885465,-4.2070646,-8.152049,-5.14625
2.5618417,-5.386873,4.979112,15.532672,6.7569456,17.072641,14.019331,15.328816,2.153204,-3.9084926,-0.73525625,-3.5803392
-1.233686,-3.6188858,9.111604,14.956563,10.5242,16.054853,17.365847,13.195941,-1.6768204,-4.435737,-3.940383,-4.5347786
-1.6396418,-3.5933049,9.439345,14.883871,10.826859,15.961442,17.630074,12.873508,-2.0240607,-4.2975125,-4.396364,-4.631747
-2.8245385,-3.8803816,10.507357,15.941135,11.800348,16.43948,18.555222,13.323243,-3.237547,-5.01384,-5.1606627,-5.1513453
-3.3422048,-0.747227,11.094043,12.611418,12.423591,13.476704,17.95687,10.651106,-3.441801,-2.620004,-6.38537,-2.7863069
-2.2353983,-0.8505493,10.5054,12.552657,11.887332,13.595262,17.57796,10.577979,-3.2915866,-2.2799444,-5.92994,-2.5746632
-2.460818,-3.0769591,10.066437,14.9095125,11.98743,15.535994,17.939299,12.493643,-2.8470278,-4.190052,-5.269883,-4.595344
-3.4062052,-2.6713943,10.813674,14.704754,12.950915,15.149035,19.350864,11.815594,-3.1833575,-4.1917405,-5.7445917,-4.5603747
-4.073146,-3.3282485,11.862459,15.353103,13.587803,16.271112,20.10697,12.555172,-4.999796,-5.034326,-7.2305245,-5.859592
-1.4360138,-4.101746,8.942362,15.643956,10.600704,16.653652,17.58851,13.931048,-2.1761088,-5.681705,-4.3972907,-5.769458
-3.5138855,-0.7785212,12.0174465,12.754233,13.1178255,13.564785,18.554388,10.092332,-4.6656637,-2.3997998,-7.2537794,-3.110244
-0.020677006,-3.935872,7.7837048,15.233059,9.224496,16.108322,16.201674,13.988676,-0.51547384,-4.1292067,-3.118302,-4.1022573
-2.0217996,-4.531667,9.631669,16.322031,11.684185,17.26428,18.739902,14.464532,-3.0104783,-6.049311,-5.188603,-6.360374
-3.110182,-1.9844657,11.218806,14.314099,13.006426,15.135599,18.985785,11.76432,-4.306214,-3.6452842,-6.285562,-4.241348
-5.515625,-4.8824534,12.639189,17.19042,14.030911,18.02819,21.24613,13.703263,-1.210934,-5.233212,-3.3802695,-5.5551705
-5.958702,-1.0012285,13.931857,13.782565,15.117528,13.99969,20.56537,9.6937475,-6.5288424,-2.5763395,-9.124339,-3.7685208
-3.5709295,-2.5891416,11.762829,14.558045,13.290113,15.25186,19.491596,11.64685,-4.731935,-3.8596747,-7.2648206,-4.477752
-3.1528838,-6.005372,10.438981,17.920279,12.0673485,18.69149,19.710918,15.1792965,-4.067199,-7.1121492,-6.0130157,-7.5178695
-4.39707,-2.552636,12.156498,14.610216,13.9738035,15.252804,20.151596,11.345311,-5.1098375,-3.7731133,-7.7349086,-4.5776787
-2.8021402,-3.2780628,10.875414,15.260686,12.55619,16.560408,19.489117,12.973626,-3.7186477,-5.12952,-6.161891,-5.3300605
-0.74118125,-5.3298855,8.170916,16.525984,9.75423,17.461683,17.016401,15.01134,-1.5191048,-6.1914454,-3.6484585,-5.78931
-1.3702935,-5.327105,8.91461,16.648998,10.265182,17.34014,17.858786,14.75369,-3.057338,-6.447433,-4.9808497,-6.7545934
2.5860496,-4.680192,5.2434616,14.147541,6.6363215,15.89661,13.512699,14.371623,2.000387,-2.9297435,-1.0033884,-2.2698154
0.6565686,-4.191826,7.082241,15.224627,8.66503,16.215517,15.625389,14.39715,0.063353166,-3.9436398,-2.446965,-3.8626745
1.0373291,-1.9248308,7.1870527,13.461678,8.499135,14.42301,14.872958,12.508125,-0.40165377,-1.9216133,-3.3669503,-1.8567988
-3.3946505,-2.8872426,11.5154295,15.107058,13.084663,15.276686,19.689886,12.06953,-4.576095,-4.334164,-7.049588,-4.8212614
-3.0473044,-3.5849416,10.736369,15.627856,12.232371,16.566765,19.30409,13.150594,-3.384173,-5.250391,-5.5272636,-5.7248034
-2.7927134,-4.6670947,10.343814,16.76962,11.843207,17.593716,19.286503,13.989136,-3.5640032,-6.0007315,-5.9934216,-6.276039
2.3662388,-4.597082,5.747906,14.60271,7.1111917,16.14392,14.191336,14.55014,1.2773714,-3.2442756,-1.6104345,-2.7184784
-1.7764187,-4.5686493,9.406798,16.12048,11.006097,16.926811,18.56469,13.976557,-2.2061603,-5.4384565,-4.485117,-5.816501
0.06403282,-1.7907525,8.292163,12.94194,9.546809,14.178784,15.719332,11.974517,-1.2387699,-2.209377,-3.9653358,-2.2890685
-1.5553691,-5.774304,8.984254,17.330753,10.751914,18.098034,18.328236,15.110556,-2.6614597,-6.8631325,-4.58607,-6.9435606
1.3554944,-2.0790138,6.904284,12.705787,8.168223,13.975263,14.547344,12.174309,-0.14618386,-1.6107074,-3.165463,-1.46751
0.26429594,-1.0634061,8.162668,12.394992,9.412471,13.452776,15.40973,11.350414,-1.4114336,-1.4127812,-4.4098706,-1.5053054
-2.2503986,-4.1602364,9.83246,15.909977,11.60825,16.736473,19.148388,13.294004,-3.247092,-5.0469985,-5.7286234,-5.518333
2.0236652,-1.5941688,6.6572275,12.35133,7.7179675,13.692076,14.046515,11.96975,0.1351837,-1.1916854,-2.9015205,-1.0082347
1.6840535,-4.3796406,6.2315865,14.989591,7.866177,16.136604,14.903888,14.611618,0.8703414,-3.8560398,-1.7976668,-3.5790784
-1.9777153,-4.4759026,9.383857,15.999486,11.29267,16.926016,18.614117,13.865447,-2.8529563,-5.536582,-4.9414773,-5.9068956
-2.755285,-1.4558405,11.016827,13.993088,11.976556,14.078387,18.61281,10.880204,-4.0595336,-3.260426,-6.3622055,-3.6278262
-2.6289222,-2.131423,10.7561245,13.8526945,12.231141,14.771137,18.392626,11.467908,-3.5313296,-3.0783293,-6.20538,-3.4528513
1.0200392,-4.623795,6.7520657,15.453057,8.230684,16.556042,15.401651,14.762321,0.37521592,-4.3770657,-2.0162046,-4.026162
-1.4169143,-1.9918524,9.30243,13.713982,10.681679,14.691418,17.086815,12.023689,-2.1884098,-3.3698628,-4.79841,-3.6768622
-2.503031,-1.5892409,10.8784895,15.817515,11.754551,14.677225,18.304327,10.839398,-3.8442547,-4.0685544,-7.742215,-3.1124432
-2.362152,-4.7241554,10.022773,16.519705,11.535263,17.482746,19.154736,14.217816,-2.5592198,-5.6464767,-4.786509,-6.1198487
1.0478414,-2.5759904,7.1800046,13.845472,8.478528,14.5104685,14.926443,13.027047,-0.3648192,-1.968628,-3.0397537,-2.2690978
-1.5945001,-4.4007125,9.268467,15.794838,10.950837,16.636513,18.104307,13.845174,-2.0428538,-5.1577435,-4.172758,-5.21785
-1.965398,-6.443164,9.240097,17.998985,10.793016,18.80565,18.571653,15.739034,-2.8446667,-7.53101,-4.843,-7.6538625
-3.378276,0.31973478,11.707484,11.811337,12.790931,12.517429,18.22727,9.339015,-4.307125,-1.5538247,-7.2438726,-2.1168616
3.0043845,-4.680471,5.203653,14.38652,6.8737335,16.340624,13.815045,14.584305,2.1594868,-3.1417258,-1.0295308,-2.6368356
2.7796686,-4.4642754,5.2974515,14.430365,6.8650823,16.105703,13.678377,14.363173,1.8798718,-2.9079485,-1.2231542,-2.4309688
-2.6879146,-4.531238,10.37801,16.142555,12.025531,16.909273,18.719574,13.851694,-2.9924746,-5.4902153,-5.019789,-5.6005573
2.9573019,-4.1308503,4.6880097,14.552521,6.3384542,16.14467,13.250709,14.316155,1.8744622,-2.7396739,-0.84624463,-2.325314
-5.80576,-1.6088012,14.047223,14.397357,15.410304,14.585231,21.05846,10.389685,-6.605415,-3.433017,-9.24683,-4.36494
0.9039869,-1.6686679,7.4281774,12.909438,8.690088,13.824196,14.878118,12.076725,-0.5383314,-1.7787505,-3.4500074,-1.7556888
-0.15616755,-1.9005723,8.440221,13.207581,9.702303,14.193787,15.91793,12.04245,-1.3614357,-2.3653872,-4.2923994,-2.6123643
-3.0888114,-2.0411992,11.113541,14.541545,12.753488,15.68773,18.87177,11.893783,-3.8457038,-3.9283283,-6.077099,-4.5762963
2.2426815,-1.7201349,6.530001,12.390522,7.582398,13.663851,13.838848,11.972473,0.34672627,-1.0686727,-2.7200398,-0.9073418
-1.8794831,-3.6433635,9.711476,15.203151,11.273965,16.028759,18.17796,13.0005665,-2.2749617,-4.560384,-4.8691354,-4.890434
-3.114697,0.07300736,11.893176,11.872085,12.867216,12.646324,18.158619,9.355002,-4.4147506,-1.5432243,-7.2759356,-2.2821786
-3.6586933,-3.515219,11.564955,15.596404,13.1983595,15.641454,19.84632,12.421859,-4.3765163,-4.6157002,-6.9053397,-5.2695103
-1.2325382,-2.4386408,9.284549,14.029547,10.742931,15.257304,17.340458,12.497976,-1.7498055,-4.08129,-4.1484,-4.2139516
-3.9139686,-3.0144014,11.536285,15.371085,13.027667,15.757964,19.539743,12.3649435,-4.6952157,-4.6138954,-7.0887833,-5.4284043
-2.5877147,-4.431063,11.304127,16.480028,12.421445,17.21707,20.307285,13.612143,-2.3142622,-5.5348105,-5.013618,-6.0900316
-5.4003735,-4.8199024,12.954718,17.341307,14.365604,18.02077,21.41065,13.551064,-1.3598156,-5.578748,-3.3604357,-6.173679
-2.9497306,-2.182719,11.010637,14.226094,12.554677,14.905104,18.682966,11.615847,-4.05601,-3.2659128,-6.625361,-3.925518
-5.284274,-5.0571003,12.512228,17.344318,13.899429,18.066849,21.113424,13.8533745,-1.1433748,-5.176995,-3.2054222,-5.5392494
-4.310665,-1.8068694,12.513573,13.852878,13.911674,14.702653,19.803926,10.799971,-5.0882354,-3.497591,-7.820804,-4.096169
2.6318932,-4.3757734,5.420736,14.476996,6.6520414,15.9515705,13.68857,14.25584,1.7434492,-2.9838645,-1.1420232,-2.5799623
-2.4542294,-1.6270235,10.63292,14.008285,11.84029,14.53903,18.444592,11.557135,-3.2414818,-3.7236743,-6.1384773,-3.7485504
-1.1519191,-5.044074,8.594427,16.441956,10.053913,17.298223,17.285776,14.8226185,-1.7489302,-5.908853,-3.8540812,-5.85763
-0.09904886,-2.6447484,8.532187,13.801578,9.898547,15.0888,16.507942,12.655389,-1.4115443,-3.26453,-4.384824,-3.352226
-5.5529175,-4.669179,12.894556,17.198742,14.317626,17.92092,21.345373,13.440919,-1.1900209,-5.503491,-3.2609758,-5.9882755
-2.3139699,-4.062057,10.003679,15.966122,11.765914,16.835493,18.932558,13.416428,-2.817465,-5.3443203,-5.232302,-5.5416055
-2.1393642,-4.7927775,9.695352,16.424208,11.232081,17.419376,18.641546,14.200152,-2.411223,-5.8794923,-4.637699,-6.2217436
-2.718717,-4.465856,10.312217,16.27129,12.053402,17.29839,19.14968,13.905197,-3.380358,-5.7048326,-5.665543,-5.9585767
-2.4841628,-3.87396,9.887189,15.65528,11.758013,16.523825,18.416876,13.496289,-2.7425814,-4.8770905,-4.948108,-5.413225
-1.167705,-1.4437948,9.565806,13.039496,10.708045,14.147238,16.834486,11.348326,-2.4683847,-2.4204056,-4.9829736,-2.5785391
-0.84060675,-1.8044223,9.161593,13.214659,10.526469,13.993426,16.751678,11.4343,-2.008016,-2.3644145,-4.6966352,-2.7141414
-4.5759163,-0.9390892,12.797099,13.151826,14.009756,13.465789,19.30295,9.641814,-5.43085,-2.063529,-8.183156,-2.8769023
2.0849257,-5.2301335,5.45714,15.587088,7.175771,16.98394,14.298395,15.256826,1.8508729,-4.036888,-1.0310261,-3.698564
-1.6343024,-4.6676984,9.249729,16.155258,10.756471,17.14496,18.16739,14.229042,-3.244409,-5.992403,-5.432455,-6.2480807
-3.582217,-1.8715044,11.794249,13.897361,13.267136,15.224195,19.16652,11.13943,-4.454528,-3.645418,-7.035741,-4.1303496
-2.0963082,-0.26119688,10.83401,11.768532,12.036446,12.841049,17.593801,9.627648,-3.7687504,-1.5497618,-6.8112383,-1.7337153
3.067832,-4.2889647,5.042463,14.229957,6.387042,15.840479,13.440461,14.29727,1.9214168,-2.530233,-1.0300983,-2.5686789
-1.9885932,-3.4145772,10.081765,14.996474,11.548526,15.983799,18.402357,12.78735,-2.5570269,-4.536464,-5.001758,-4.7834454
-3.0954747,-3.320346,11.026939,15.043192,12.596155,15.405445,19.023136,12.318684,-3.7432182,-4.3523707,-6.164643,-4.678645
-1.4162766,-5.8661504,8.777632,17.11293,10.413937,17.839687,17.694113,15.087592,-2.2668228,-6.669193,-4.200013,-6.674738
-2.2988706,-1.5293176,10.918753,13.363265,12.1509695,14.002655,18.265068,11.046081,-4.345201,-2.9144638,-6.905683,-3.5099027
-4.306425,-3.801728,12.116814,15.997113,13.664095,16.760876,20.376844,12.777031,-5.264623,-5.2549515,-7.440992,-5.913774
-3.21424,-4.3199873,10.234647,16.104828,11.847337,16.969234,18.912045,13.838237,-2.8567348,-5.638398,-4.903851,-5.888623
3.2642145,-4.100771,4.9466267,13.951422,6.352949,15.558196,13.2319,13.949424,2.0502338,-2.4918401,-0.97880024,-1.9530658
-2.3601508,-2.9763083,10.088738,14.692309,11.856981,15.539132,18.553635,12.342532,-2.6850603,-4.177807,-5.4094863,-4.6762652
-3.3199704,-2.3882265,11.650245,14.232144,13.110633,14.883887,19.310751,11.311186,-4.730132,-3.686723,-6.8724527,-4.428538
0.6100493,-1.1726986,7.978073,12.334611,9.282192,13.291075,15.196131,11.515382,-1.2052953,-1.3432872,-4.036218,-1.49452
-2.3212829,-1.3619747,10.774626,13.237332,11.81778,14.344094,17.860752,11.144197,-3.4384272,-3.2010784,-5.9572253,-3.4064631
0.22822171,-3.184996,7.725134,14.519574,9.599326,15.219421,16.187471,13.12206,-0.9579412,-3.374867,-3.6985748,-3.219062
0.44871458,-2.599082,7.504172,13.852153,8.896923,14.99211,15.709774,13.15235,-0.6351667,-2.85881,-3.235432,-2.927431
-3.054008,-4.3286858,10.476888,16.001228,12.094873,16.846582,18.64551,13.629526,-3.0487707,-5.26263,-5.307466,-5.644149
-4.2492156,-3.3694072,12.198579,15.420429,13.5719385,16.253393,20.182823,12.358033,-4.7248545,-4.6167707,-7.1283617,-5.4647975
-3.133224,-2.165196,11.755564,14.548842,13.039922,14.945807,19.30172,11.480069,-4.199082,-4.0648546,-6.806424,-4.4606915
-4.1608305,-3.2884805,12.1236725,15.2056675,13.635259,16.09965,20.237234,12.098802,-4.991183,-4.5995383,-7.3113956,-5.368573
1.9439223,-4.330532,6.289475,14.593106,7.735451,16.04223,14.556719,14.053053,0.9766095,-3.414233,-1.9822876,-2.9227924
-2.8796053,-5.7529864,10.098889,17.512833,11.752705,18.332003,19.251425,14.90434,-3.5633123,-6.6359324,-5.7742634,-6.9317937
-1.8829995,-2.0152605,9.916649,13.994531,11.339396,14.873535,17.089573,14.014417,-5.088116,-6.3833146,-5.5297594,-3.6362696
3.2451205,-4.5990415,4.67696,14.438629,6.1012797,16.117903,13.270838,14.26558,2.2847867,-2.652784,-0.89514476,-2.436898
1.9399025,-5.0441885,5.6759663,15.43166,7.3819222,16.814625,14.558933,14.936909,1.6606256,-4.0210485,-1.3090851,-3.576659
-2.1228795,-1.3905996,10.406715,13.336405,11.431157,14.425993,17.715696,11.360073,-3.3014817,-2.893143,-5.48407,-3.3126395
1.8671778,-4.468808,5.850175,15.187623,7.475167,16.303856,14.456764,14.579764,1.1234057,-3.5320241,-1.5801953,-3.2633488
2.84198,-4.9948363,5.037269,15.154521,6.3023005,16.65525,13.757635,14.8908,2.1405969,-3.399464,-0.81613046,-2.8016958
-2.7518194,-4.572741,10.184175,16.297785,11.792522,17.176764,18.749674,13.6731825,-3.1167767,-5.413511,-5.0859666,-5.777913
2.370635,-3.6700785,5.5908933,14.291168,6.927724,15.532038,13.983723,14.10857,1.3648385,-2.8801923,-1.5178322,-2.4633465
-3.557011,-2.5463684,11.301319,14.7274885,12.714898,15.266896,19.20778,11.53841,-4.317351,-3.5567427,-6.949311,-4.4633536
-3.541992,0.15728658,11.849286,12.023521,13.182358,12.939059,18.414186,9.557762,-4.2612677,-1.8722589,-7.15068,-2.6383715
-2.0743198,-6.632707,9.317779,18.236208,10.906449,18.998903,18.79278,15.863682,-2.9295776,-7.645952,-4.9799447,-7.7767067
-2.2229326,0.49773508,11.175033,11.330089,12.287569,12.171963,17.568813,9.083441,-4.517364,-1.1819563,-7.650985,-1.9050397
-3.3883224,-0.1247896,12.017258,12.507735,13.345046,13.126648,18.51949,9.92129,-4.6304955,-2.4430757,-7.378264,-3.265599
-2.4714394,-0.317262,11.139645,12.263404,12.362377,13.129044,17.917301,10.13397,-3.777765,-2.0926192,-6.479496,-2.5075023
-0.6694227,-2.0901802,8.960101,13.62393,10.4192,14.543436,16.677038,12.111382,-1.9563861,-3.1038077,-4.5645046,-3.2705212
-1.9150797,-0.4815327,10.754417,11.755449,11.825502,12.782835,17.591742,9.980894,-3.7205913,-1.4709858,-6.5769043,-1.9425472
-4.1103654,-2.7057366,12.04009,14.50473,13.586603,15.2676525,19.92095,11.543308,-5.231091,-3.943677,-7.4643006,-4.5251155
-1.0553207,0.2283301,9.85621,11.100115,10.892318,12.21109,16.29481,9.629399,-3.2096252,-0.62427986,-6.24682,-1.0976646
-5.5467587,-1.8593695,13.428438,14.473053,14.0464115,15.405661,20.132607,12.011341,-4.853977,-4.4770207,-7.326251,-5.1976233
0.25476128,-1.9737016,7.9984517,13.302033,9.401475,14.322411,15.884881,12.214786,-1.0761758,-2.4636946,-3.8048465,-2.5625515
2.664609,-4.072975,5.3823514,14.44098,6.683826,15.879842,13.458585,14.332708,1.8022057,-3.1461592,-1.0918772,-2.5751016
0.9099123,-0.8896297,7.7288094,11.937012,9.063399,12.978596,14.773402,11.255301,-1.0751761,-0.8785987,-4.0680385,-1.0730333
2.9585118,-4.342777,5.2648935,14.072951,6.1958194,15.820125,13.689901,13.754755,1.1462958,-2.5874245,-1.2686614,-2.014034
-1.4688317,0.33857635,10.276791,11.160693,11.565988,12.193009,16.833946,9.522219,-3.8481963,-0.87629426,-6.8809447,-1.4238364
-4.618825,-3.7835362,12.465907,15.938186,14.120186,16.481054,20.765812,12.209372,-5.6117487,-5.135589,-7.994658,-5.8569455
-2.6458495,-1.0103588,10.441143,12.786237,12.057681,13.606088,17.242552,10.7463665,-3.059044,-2.2204762,-6.1261506,-2.6004434
2.7037525,-4.4367614,5.051306,14.698321,6.4253073,16.100689,13.495522,14.574979,1.810519,-3.1267116,-1.0718724,-2.4807007
3.077494,-5.122209,4.775962,15.059117,5.9600983,16.669666,13.505543,15.074604,2.3181431,-3.3213964,-0.5698227,-2.5952477
-1.8581018,-4.03961,9.585754,15.578306,11.204313,16.383354,18.231886,13.458544,-2.5351095,-4.938861,-4.765185,-5.3505974
-3.3124404,-4.8175297,10.648206,16.896832,12.543433,17.480133,19.330088,13.72013,-3.9769082,-5.8068457,-6.105434,-6.293019
-0.38995343,-2.328067,8.521418,13.694931,9.965508,14.77357,16.289263,12.4967,-1.1896611,-2.9361212,-4.031765,-3.0240622
-2.7926998,-6.137884,10.178873,17.89077,11.722538,18.667702,19.432364,15.39445,-3.7602222,-7.2530556,-5.7092,-7.6299396
-1.686548,-1.1493922,10.041334,12.509951,11.391913,13.654469,17.27649,10.9089775,-3.011275,-2.160803,-5.4845986,-2.6919127
-3.3449404,-4.5344305,10.816788,16.416147,12.615729,17.113571,19.496817,13.377325,-3.9289608,-5.497781,-6.2755957,-5.9252644
-1.1545011,-3.2128837,9.1608515,14.616434,10.931904,15.795687,17.790417,12.815723,-2.3487856,-4.083369,-4.70371,-4.426552
2.4078398,-4.4679356,5.407317,14.619194,6.8305645,16.231127,13.777513,14.637977,1.6596323,-3.3322666,-1.2813452,-2.8382652
-1.4140065,-1.5828439,9.365499,13.039356,10.996962,14.042064,16.82374,11.32777,-1.9876406,-2.581422,-4.689411,-2.8165994
-1.0707843,-3.207428,9.041483,14.743751,10.678419,15.68295,17.253798,13.042201,-1.9153634,-4.264021,-4.361439,-4.5614214
2.9688962,-4.439713,5.111964,14.462796,6.3992977,16.121843,13.574452,14.414639,1.7687423,-2.9439962,-0.9434381,-2.508299
2.1474574,-4.6295447,5.6028953,14.987379,7.0539184,16.513103,14.054118,14.847684,1.5440793,-3.629554,-1.0905356,-3.126444
-3.2846122,-5.7250147,10.477286,17.704163,12.093665,18.530598,19.700136,15.044869,-4.0334415,-6.7746034,-6.1809344,-7.1976523
3.4918132,-4.154664,4.514554,14.643038,6.419328,16.386497,13.296265,14.883337,2.2385077,-3.20592,-0.6100215,-2.8948886
-2.8611958,-4.911825,10.372171,16.679861,11.924276,17.36372,19.181599,13.808926,-3.203317,-5.6505713,-5.5608883,-5.7604156
-3.667406,-0.5840253,11.434728,12.605955,12.814614,13.294349,18.56847,10.088625,-3.9784284,-2.4398932,-6.714999,-2.9880936
-2.611834,-3.7897336,10.413693,15.488274,12.067438,16.25605,18.91935,12.7821455,-2.5615442,-4.7242727,-5.072559,-5.099469
-3.7870512,-1.1657578,11.295754,13.332781,12.855843,13.837277,18.45159,10.504008,-3.571372,-3.1195128,-6.0105715,-3.7292342
-2.0921023,-3.4929338,10.142418,15.075551,11.644134,15.879692,18.464403,12.622377,-2.6892095,-4.440473,-5.258393,-4.734857
0.8584615,-2.5688045,7.3148236,13.728956,8.560978,15.000835,15.136359,13.137846,-0.009704861,-2.7115426,-2.877102,-2.74539
-3.310268,-3.2305002,11.167424,15.061996,12.754849,15.371783,19.37746,12.397455,-3.9437573,-4.021376,-6.181943,-4.8577266
-3.5545487,-3.603718,11.423289,15.734761,12.924455,16.604057,19.869024,12.6699095,-4.2001934,-4.6694613,-6.5573483,-5.301661
-6.1582246,-1.7620504,14.067516,14.465441,15.668156,14.6342125,21.278687,10.102248,-6.890501,-3.3863914,-9.592801,-4.3820715
-3.9080079,-2.5997822,12.386564,15.017531,14.09141,15.868739,20.061811,11.836819,-5.0206246,-4.303042,-7.852784,-5.184178
1.2099308,-2.7026906,6.9777074,13.608455,8.213705,14.793437,15.014265,12.988702,0.06093354,-2.5473976,-2.6859245,-2.374597
-0.76604027,-1.2459972,9.239279,12.867723,10.388841,13.89492,16.535643,11.283042,-2.0219376,-2.1908224,-4.7960258,-2.5000622
-1.2442092,-2.9018931,9.149347,13.953063,10.9093075,15.125274,17.715868,12.382105,-2.115447,-3.4633255,-4.604174,-3.8702757
-0.95843756,-2.6442854,9.342907,13.864155,11.132494,15.020545,17.3517,12.197381,-2.4113183,-3.4031205,-4.950079,-3.6452749
2.012751,-3.7656183,6.264922,14.367877,7.301198,15.65757,14.018398,13.473561,1.0270244,-2.9906664,-1.9018452,-2.2915914
-6.7352924,-1.1937153,14.7878685,13.895324,15.892227,13.88396,21.38473,9.544212,-7.2941284,-2.933841,-9.948263,-3.6548207
2.325692,-3.9558992,5.528164,14.335885,6.870733,15.670426,14.1336355,13.856553,1.2741051,-2.6779366,-1.8234574,-2.4591444
-4.382702,-1.1634036,12.415876,13.160105,13.732387,13.786751,19.299679,9.92823,-4.9400754,-2.5829463,-7.661126,-3.26788
-2.3850155,-5.2828197,9.739913,17.295372,11.461482,17.952415,18.884228,14.6877165,-2.6439693,-6.5535736,-4.849225,-6.6825027
-2.6432376,-2.9916425,10.825375,14.811788,12.26865,15.615954,18.516788,12.297777,-3.477357,-4.129859,-5.748297,-4.656793
-2.1504977,-4.2546077,9.907323,15.770966,11.718462,16.295057,18.115667,13.238275,-2.658164,-4.8635774,-4.895489,-5.111664
-1.0132968,-2.799363,9.115247,14.317024,10.456527,15.118091,16.993547,12.625923,-1.8311259,-3.736179,-4.407767,-3.8974466
2.168419,-3.9289856,6.0157313,14.226041,7.5162663,15.650896,14.4521475,14.01713,0.9749081,-3.0002716,-1.8536603,-2.905946
0.30107304,-2.2024903,7.892799,13.4837885,9.240015,14.4967575,15.543998,12.615313,-0.8660966,-2.6091254,-3.6060722,-2.5552318
-1.1012053,-1.3276281,9.519685,13.042927,10.878011,13.869243,16.864204,11.41816,-2.4348555,-2.3238506,-5.0797663,-2.8215318
-1.8892022,-0.7593937,10.837868,12.487519,11.601023,13.435209,17.519005,10.439371,-3.517546,-2.1739728,-6.261185,-2.7106767
1.7586031,-4.962047,6.051314,15.377725,7.569145,16.615234,14.694735,14.935366,1.1980042,-3.8732688,-1.4814854,-3.4827812
1.613031,-2.298609,6.9777107,13.400433,8.132107,14.846336,14.756628,13.073876,0.101213895,-2.426226,-2.7954745,-2.419515
-2.055641,-1.7776476,10.045508,13.486609,11.378626,14.554877,17.528849,11.568485,-2.8650768,-2.914396,-5.4978776,-3.2184298
-1.9415818,-3.2276876,9.934289,14.735842,11.28909,15.769496,17.95651,12.568852,-2.3914905,-4.254712,-4.6796994,-4.3877206
-2.8121862,-3.0564802,11.324983,15.02848,13.076934,15.890135,19.559443,12.201742,-3.2394686,-4.4414372,-5.805434,-4.8887157
-5.174433,-1.7790918,13.308302,14.324536,14.736923,14.950839,20.970526,10.821349,-6.0258718,-3.8041537,-8.566916,-4.7118416
-2.1779675,-6.58881,9.236874,17.959837,10.787099,18.92315,18.579035,15.788199,-2.7972295,-7.4609094,-4.846763,-7.614372
-3.0099752,-2.9971607,10.744768,14.624531,12.07527,15.235287,18.207506,12.135932,-3.3229606,-3.928961,-5.7371445,-4.256319
0.48816556,-1.8395945,7.892582,12.879053,9.160953,13.906806,15.385826,11.884702,-0.9709502,-1.9476447,-3.8629088,-1.8690164
-3.2524571,-0.8376389,10.618829,13.12044,11.938205,14.338231,17.731441,11.462429,-3.019562,-3.006361,-5.5635076,-3.6032526
-6.5141754,-1.448209,14.5124445,14.214613,15.75459,14.20716,21.415882,9.769481,-7.1233273,-3.1676693,-9.815476,-4.075326
-3.5192988,-3.3721092,11.462245,15.358671,12.840063,15.959394,19.63253,12.323921,-3.909265,-4.4040265,-6.4963856,-4.9684453
-4.2639265,-2.441138,12.343474,14.59889,13.975189,15.161433,19.990479,11.165582,-5.4759536,-3.921884,-7.85897,-4.395879
-1.6407865,-4.5926385,9.246816,15.926565,10.912093,16.92648,18.192366,13.907784,-2.3337538,-5.512419,-4.392846,-5.790438
1.3561773,-2.2345858,7.0022316,13.490349,8.231337,14.467062,14.733988,12.912089,-0.055708505,-2.2399552,-2.699872,-2.2544036
-1.7090852,-3.9043238,9.296734,15.490854,11.200325,16.142519,18.007338,13.16951,-2.951513,-4.8722315,-5.4127803,-5.1301923
-3.50495,-3.7286851,11.247876,15.56642,12.646621,16.422577,19.579727,12.763885,-3.7445874,-4.643675,-6.23344,-5.144735
-0.9516538,-1.9503047,8.988839,13.6530905,10.433884,14.630024,16.634806,12.157929,-1.7919289,-3.017349,-4.436316,-3.121489
1.4108891,-2.6902828,6.886524,13.56335,8.245742,15.027154,14.896587,13.221408,0.09785392,-2.7227116,-2.7397025,-2.7591126
1.1556548,-1.7904551,7.200807,13.035365,8.512559,14.077218,14.805335,12.376045,-0.44777724,-1.7837144,-3.2097738,-1.7409098
2.0287635,-3.4955266,6.021275,13.87417,7.4324403,15.48494,13.998261,13.434394,0.83106464,-2.2051046,-2.0657754,-2.0214436
-1.3134285,-5.8725553,8.507909,17.311085,10.053856,18.065613,17.742445,15.432381,-2.0873413,-6.9798937,-4.1437225,-7.014135
-2.9709437,0.10842435,11.528185,12.142369,12.223625,12.910067,18.157043,9.851044,-3.78869,-1.8445328,-6.888014,-2.3638027
1.6263756,-1.6371096,7.0606866,12.495348,8.089974,13.686395,14.422698,11.939703,-0.062206335,-1.4381055,-3.1938226,-1.3427612
-3.66958,-2.4459553,11.406755,13.881592,12.855186,14.691755,19.001688,11.10434,-4.214308,-3.106931,-6.925388,-3.4738681
-0.5764102,-0.17984675,9.391465,11.527264,10.573113,12.612193,16.09734,10.105496,-2.6930118,-0.9489735,-5.7709155,-1.3924704
1.284876,-2.0631356,7.1593366,13.004225,8.36482,14.165121,15.270708,12.2452135,-0.67953426,-2.053749,-3.6665373,-1.9595584
3.4103553,-4.738392,4.5793486,14.306679,5.881991,15.888464,12.973996,14.384091,2.2808905,-2.6175256,-0.5642612,-2.1691713
2.3172078,-4.9555264,5.4633017,14.764007,7.15318,16.153206,14.324938,14.734801,1.3348284,-3.6506424,-1.7227367,-3.0150874
-1.1907623,-2.1182928,9.177078,13.751579,10.880659,14.921535,17.187279,12.201699,-2.2084339,-3.5352194,-4.713391,-3.5985038
-4.453603,-2.5121722,12.477986,14.698265,14.004589,14.915258,20.126757,11.094438,-5.2955723,-3.6226091,-7.9495316,-4.4294233
-3.6510017,-0.61473435,11.223934,12.962216,13.064977,13.566171,18.343786,10.425444,-3.8057208,-2.7062573,-6.4243646,-2.9879594
-0.45451248,-0.09754323,9.171528,11.440653,10.385657,12.421058,15.769441,10.181151,-2.4980679,-0.68476665,-5.644169,-0.9255274
0.6007385,-2.2010245,7.855856,13.185542,8.957771,14.118544,15.254197,12.173038,-0.80069786,-2.2178679,-3.5712268,-2.1381466
-3.2601867,-2.5299451,11.068938,14.447188,12.700496,14.981258,19.06735,11.684159,-4.1488786,-3.8522305,-6.5898104,-4.3207803
-2.9003203,-2.6285014,10.588111,14.357318,12.285202,15.054236,18.459656,11.656515,-3.2538466,-3.722771,-5.779668,-3.914715
-2.5298905,-4.9591227,10.119982,16.525618,11.648783,17.451262,18.95091,14.050694,-3.0373044,-5.8215594,-5.386244,-6.305555
-2.5755227,-2.2161283,10.980815,13.871943,12.395327,14.694272,18.403921,11.429812,-3.7802196,-3.293586,-6.3740735,-3.6309025
0.6096064,-2.4153762,7.772315,13.467699,8.953375,14.564616,15.428019,12.655241,-0.6843443,-2.623799,-3.4796627,-2.5463076
0.590316,-3.285474,7.549019,14.490341,9.0525,15.348371,15.661248,13.377276,-0.43064228,-3.2994096,-3.195697,-3.0624957
-1.3761854,-1.826184,9.672968,13.592822,11.1914425,14.626455,17.326982,11.727245,-2.715493,-3.3024158,-5.390239,-3.4380708
-0.5306358,-4.9968333,7.912762,16.033005,9.283113,17.050034,16.332512,14.830093,0.6533223,-4.3247313,-2.1497438,-3.8007598
-1.6554482,-0.9093647,9.716323,12.773272,11.222376,13.678884,16.766367,11.237803,-2.1980891,-2.4501216,-5.0148377,-2.8640056
1.2426817,-1.6126709,7.3769593,12.8638315,8.591307,13.6397,14.787748,12.30637,-0.58002317,-1.4904776,-3.4224508,-1.644101
-1.1458486,-3.0860076,9.141197,14.844474,10.909512,15.766145,17.287956,13.203208,-2.057502,-4.6933594,-5.10237,-4.7478642
1.6375719,-4.984312,6.027939,15.36404,7.7351003,16.630825,14.762454,14.815109,1.1509379,-3.934635,-1.7043563,-3.4737313
2.691377,-4.9735208,4.966518,14.991479,6.576957,16.64824,13.419296,14.566793,2.1756082,-3.2881916,-0.7923762,-2.825972
-1.2198665,-5.1396313,8.836055,16.687319,10.537141,17.518738,17.635153,14.698741,-2.2351704,-6.1656013,-4.2739816,-6.224595
-3.0519009,-2.7047496,10.983326,14.656767,12.547237,15.246311,18.874159,12.002215,-3.793781,-3.926928,-6.302396,-4.2907286
-6.345916,-1.0486039,14.429507,13.71329,15.445924,13.6722765,20.893337,9.345145,-7.0204597,-2.9614453,-9.400254,-3.432285
1.2514197,-4.2840915,6.5435414,15.151572,8.085917,16.276184,15.184968,14.572995,0.5091301,-3.9211044,-2.2106063,-3.6018457
-1.2049859,-2.8220155,9.286665,14.461411,10.874162,15.436926,17.461693,12.814454,-1.9980361,-4.0713625,-4.5342464,-4.205838
-5.1203885,-2.6617782,13.155923,14.905702,14.54608,15.747173,20.462976,11.506392,-5.6979775,-4.1802154,-8.269303,-5.219046
-5.009217,-2.2013931,13.083884,14.390662,14.517293,14.819492,20.54183,10.854438,-5.9700723,-3.4824688,-8.4167595,-4.4881825
-3.0414703,-0.49783278,11.1562195,12.515906,12.357815,13.224046,17.69547,10.53797,-3.2649102,-2.5360827,-6.2244606,-2.6668577
-5.2690463,-1.7737607,13.40628,14.360814,14.724615,14.729291,20.638643,10.564818,-6.0238905,-3.3122063,-8.589827,-4.034295
-2.6335604,-0.34840232,11.083154,12.600857,12.110406,13.37452,18.06216,10.357115,-3.8843448,-2.3808048,-6.5581393,-2.4802263
-0.2392621,-3.4652603,8.266375,14.81632,9.714466,15.779694,16.415895,13.606819,-0.97164035,-4.0600905,-3.4811473,-3.9614613
-1.6940727,-4.5295315,9.431258,15.972938,11.071688,16.803455,18.245579,13.91356,-2.3201444,-5.3959894,-4.5028453,-5.6012845
-0.39535475,-3.2481165,8.357312,14.524833,9.815208,15.495194,16.586035,13.138802,-1.3876556,-3.7375195,-3.9092708,-3.7556293
-2.8621857,-5.286842,10.553974,17.127565,12.024918,17.870903,19.48208,14.205273,-3.9435704,-6.3037953,-6.124545,-6.6820407
-2.0511413,-5.85476,9.442888,17.319563,10.991708,18.107805,18.557858,14.573629,-2.489867,-6.5385666,-4.635805,-6.742571
1.593607,-2.341987,6.7099967,13.233106,8.128618,14.815421,14.477202,12.919414,0.13887559,-2.366295,-2.6963773,-2.266433
-3.2806149,-5.2239532,10.360903,17.343872,11.934404,17.955301,19.682146,14.319542,-4.1258674,-6.3060904,-6.270996,-6.3186936
-2.7048407,-3.0226235,10.551852,14.857775,12.203951,15.83107,18.628338,12.293805,-3.4639816,-4.4812093,-5.7230153,-4.615542
-0.42288575,-1.2274303,8.7729645,12.7249365,10.084483,13.729107,16.193674,11.407967,-1.8645098,-2.0139382,-4.627086,-2.2142768
-6.172931,-1.0314062,14.212973,13.815741,15.189773,13.806497,20.710577,9.527766,-6.635615,-2.532705,-9.257073,-3.6242576
-1.3117852,-0.027955042,10.037357,11.519934,11.133773,12.665285,16.616016,9.928285,-3.4447784,-0.91218936,-6.4632845,-1.5195048
-0.07922931,-0.50421363,8.518304,11.7945,9.72684,12.951987,15.497261,10.748995,-1.6130586,-0.98626566,-4.6411686,-1.2787205
-2.9200137,-0.41142046,11.436674,12.337171,12.742961,12.994065,18.161566,10.062164,-4.072983,-2.1359053,-6.561963,-2.6319826
-1.3609717,-5.1606836,9.033205,16.68998,10.895529,17.821812,17.985876,14.568136,-2.3798566,-6.294046,-4.5528183,-6.3908367
-2.2461164,-1.4034516,10.646954,13.289742,11.716498,14.186628,17.955078,11.121003,-3.6136758,-2.8840435,-5.7707767,-3.2713406
-1.8428257,-1.5705601,10.677048,13.735566,12.285496,14.53559,18.277266,11.295898,-3.6973166,-3.330251,-6.3140583,-3.8651433
-2.1038773,-2.0264485,10.138095,14.898558,11.708987,15.303839,19.120434,13.24788,-3.0917523,-4.8731966,-5.4994855,-5.5936804
-0.5598794,0.12696944,9.504761,11.1906,10.692384,12.344751,15.8960285,9.788538,-2.9473517,-0.48223203,-6.0266356,-0.95140696
1.4214218,-2.4282942,6.991243,13.580657,8.347543,14.861323,14.950195,12.940999,-0.04217129,-2.4885802,-2.8410401,-2.3748515
-3.805364,-0.08520491,11.588488,12.462681,14.5896845,17.098848,21.407686,12.679383,-3.289263,-2.6563356,-6.252026,-3.0447137
-3.3864086,-4.060975,10.086843,16.810736,12.157779,17.15111,19.372337,13.746126,-3.972599,-5.590879,-6.608637,-5.9778175
2.5876203,-4.6397595,5.3260493,14.971283,6.821087,16.704714,13.74598,14.5782175,1.746694,-3.3070576,-1.2371743,-2.9741428
-1.7720084,-5.2679987,9.277989,16.972538,10.835363,17.76486,18.193403,14.683285,-2.7510278,-6.5935907,-4.733562,-6.5408406
-1.000653,0.29618847,9.878379,11.137761,11.028469,12.089546,16.366476,9.681506,-3.2280228,-0.6407074,-6.487665,-1.0494899
-1.8487316,-5.1478286,9.209853,16.65975,10.699504,17.689825,18.233543,14.890754,-2.6614158,-6.414791,-4.9779844,-6.6333337
-0.53887844,0.3683452,9.48889,10.990949,10.633898,11.952233,15.913485,9.6070175,-3.0303073,-0.34150013,-6.089924,-0.9459664
-1.0049621,0.534094,9.74088,11.103298,11.07581,12.208078,16.30643,9.534109,-3.2610142,-0.3802904,-6.440132,-0.9647168
-1.0392008,0.53104484,9.895365,11.076864,11.127648,12.028452,16.419867,9.352627,-3.4574924,-0.48400497,-6.658742,-1.0017881
-1.219733,0.51099265,9.850069,11.000371,11.220451,12.032291,16.447248,9.4079,-3.4368668,-0.5009792,-6.5262847,-1.1187558
-4.215021,-2.5085692,12.482229,14.610188,13.972508,15.082485,20.142809,11.244715,-4.929451,-3.6992023,-7.6602845,-4.561547
-0.30981416,-0.048632137,9.129268,11.347317,10.498269,12.356687,15.882364,10.110719,-2.6530488,-0.6633057,-5.7333913,-1.0030011
0.28614128,-0.7358569,8.422083,12.153817,9.571016,13.128577,15.410523,11.138666,-1.5206456,-1.3053489,-4.4352183,-1.3161515
-3.21391,0.39782667,11.834717,11.678268,12.850295,12.459558,18.076101,9.210221,-4.535774,-1.4470516,-7.288421,-2.1701097
-1.8813887,0.17293662,12.01236,12.895508,11.847662,12.223552,17.12519,9.290528,-4.143619,-1.0046439,-7.658104,-2.095756
-0.80677664,0.6204669,9.654987,10.819832,10.769397,11.911463,16.012217,9.407518,-3.2153409,-0.23307455,-6.2707,-0.8021594
-1.8177887,-1.6792169,9.479765,12.146752,10.917848,13.295423,18.079393,11.508183,-2.9671545,-1.5732789,-6.4439497,-4.1318913
0.53924125,-0.46737853,8.160225,11.651093,9.506574,12.724697,15.188222,10.838169,-1.4835247,-0.7958502,-4.6647377,-0.98386544
-2.7435489,-1.7689389,11.1959305,13.586978,12.437753,14.440729,18.364716,11.314862,-3.9931026,-3.1166918,-6.6871552,-3.6501517
0.118921794,-3.2098837,8.152903,14.181322,9.179001,14.818018,15.840534,13.127076,-0.9659925,-2.8408084,-3.6972833,-2.6199076
-0.73538053,-0.20437184,9.640007,11.6720705,10.503623,12.706265,16.175959,10.303868,-2.7135088,-1.0246341,-5.7166176,-1.3218157
-4.9386616,-3.2328634,12.735658,15.455887,14.39073,16.28353,21.008099,11.638722,-5.9002156,-4.6177187,-8.307652,-5.4675984
-0.3122827,0.45193878,9.129964,10.903435,10.290873,12.080799,15.696412,9.759095,-2.7267902,-0.32334623,-5.7487297,-0.7736561
-3.9340348,-4.282144,11.642821,16.312052,12.873081,17.311827,19.92118,13.258548,-4.7804103,-5.5693374,-6.6482105,-6.058986
-6.347087,-1.1336585,14.262412,13.815932,15.249287,13.904049,20.829617,9.541912,-6.732102,-2.9737065,-9.375474,-3.5776746
-0.7859183,0.5520325,9.729229,10.82537,10.859995,11.908634,16.15883,9.42966,-3.354811,-0.32632867,-6.4716396,-0.92369425
-0.88727605,0.6135346,9.974142,10.874419,10.956249,11.986943,16.288048,9.371107,-3.5120196,-0.5639354,-6.5696163,-1.0024248
-1.0007391,-0.96307886,9.473667,11.944777,10.410172,12.901232,16.120874,10.409029,-2.6074972,-1.0901082,-5.5223227,-1.3726019
-1.8417276,-0.48894283,10.008331,12.18076,11.28237,13.224085,17.010994,10.459252,-2.7501502,-1.7498724,-5.5481663,-2.0326371
-1.204562,0.15320884,9.836868,11.369765,11.034141,12.5273,16.56603,9.838325,-3.3853788,-0.86928976,-6.6953964,-1.4714797
2.2197995,-3.685678,6.0247235,14.015407,7.2700233,15.502987,14.180241,13.563641,1.100416,-2.4812648,-2.0198698,-2.1810606
-0.67024153,-0.10390378,9.263301,11.637184,10.526389,12.525356,16.040466,10.23984,-2.695311,-0.7987832,-5.7918186,-1.1626427
-3.5840316,-2.9764063,11.459177,14.5561285,12.9680605,14.976926,19.097012,11.478845,-4.3490887,-3.680403,-6.6451364,-4.1321816
3.417014,-4.638922,4.8922625,14.395558,6.262292,15.974797,13.381924,14.457395,2.0815978,-2.859015,-0.7520552,-2.3402815
-0.8852824,-0.3116246,9.580642,11.593069,10.608348,12.72535,16.295015,10.308048,-3.0736945,-1.2473947,-6.178447,-1.7479656
-0.843397,-0.84311336,9.556024,12.141963,10.695188,13.361023,16.385254,10.956505,-2.289015,-1.6499542,-5.1404085,-1.9111428
-0.37332147,-0.85395813,9.031109,12.16615,10.212044,13.281717,16.014816,11.017099,-1.9707357,-1.7483377,-4.719436,-1.9531337
-2.4149764,0.2801626,11.186454,11.81416,12.339653,12.504028,17.89385,9.506804,-4.7816644,-2.0319061,-7.474828,-2.800195
0.15906191,-1.8387864,8.10298,13.415682,9.716117,14.30615,15.789969,11.999567,-1.2615161,-2.1080647,-4.218204,-2.0988564
-0.7573555,-2.0805693,9.360336,12.477542,10.682888,13.71973,16.417845,11.331977,-2.4545922,-2.3387704,-5.2601123,-2.0991821
-0.2258084,-0.744963,8.882435,12.071894,10.055039,13.238799,15.809528,10.96749,-1.9112234,-1.4272667,-4.75791,-1.685034
-2.4453669,-2.3712702,10.669841,13.864363,12.098878,15.023884,18.460115,11.542082,-3.7344353,-3.6555262,-6.174241,-4.186751
-2.7912173,-3.1009035,11.173524,14.866501,12.637389,15.298663,19.10988,12.208588,-4.001877,-4.4541216,-6.366928,-4.78303
-1.2102674,0.23755953,10.069147,11.237274,11.323147,12.181513,16.526466,9.883266,-3.475915,-0.6987335,-6.670741,-1.3391185
-1.0412539,-0.20322086,9.960518,11.519896,12.457914,14.294009,18.473497,10.979716,-4.767614,-2.971069,-6.8980513,-3.415787
-3.318184,-2.7002242,11.357919,14.934088,12.870918,15.155986,19.272707,11.86515,-4.3119435,-4.2776227,-6.763716,-5.1530786
-0.2743279,0.17867483,9.146654,11.138917,10.339246,12.211379,15.493923,10.209685,-2.1522806,-0.66122043,-5.156807,-1.0068234
0.73189193,-0.73556614,7.8406177,11.978342,9.014155,13.075282,14.936472,11.170168,-1.0650021,-0.94508284,-3.8842044,-1.1745781
-4.0945683,-2.6563861,12.34208,14.741717,13.840333,15.300454,20.06855,11.596901,-4.702674,-3.8729622,-7.107402,-4.768637
-1.4471937,0.65932417,10.859962,11.011669,11.961664,11.970607,17.253098,9.076273,-4.270609,-0.88687825,-7.4983006,-1.6223174
-0.53838235,0.56414974,9.421653,10.822843,10.602067,11.962027,15.88739,9.527296,-3.0159903,-0.3660788,-6.153099,-0.72270226
0.22993553,-0.4899118,8.362292,11.707805,9.378772,12.889257,15.129581,10.846418,-1.5698094,-0.93314874,-4.610916,-1.0618119
-2.8785233,0.3718972,11.124767,12.038337,12.313942,13.189757,17.517204,10.148945,-3.1313212,-1.8752218,-6.2710156,-2.3093827
-2.682665,-1.8866713,10.685127,13.661282,12.249321,14.347778,18.429447,10.971687,-3.959653,-3.2789216,-6.2381263,-3.8226142
-2.5622838,-1.8714848,11.041481,13.571332,12.389947,14.563533,18.540518,11.254068,-4.3040404,-3.2121599,-6.6104465,-3.7373645
-1.0943519,-0.57115555,9.4834385,12.162838,11.138812,13.544859,16.601408,10.683779,-2.4415874,-1.4174174,-5.6995983,-1.7259718
-3.5365486,-0.8576871,12.070831,13.128025,13.244391,13.777804,18.880745,10.085866,-4.506927,-2.6885412,-7.20296,-3.328404
-4.8996325,-2.995046,12.862314,15.299176,14.319186,15.802287,20.715347,11.487816,-5.7911863,-4.3781424,-8.321318,-4.9813876
-5.0915055,-4.4914937,12.518015,16.962482,13.887854,17.689978,20.9499,13.440694,-1.3147055,-5.0706377,-3.4612463,-5.4349513
2.8747034,-3.538842,5.642892,13.528413,6.8326874,15.216391,13.67947,13.148867,0.9068884,-1.7545233,-2.06883,-1.6216502
-3.4573545,-4.944849,10.859824,17.008179,12.130886,18.234552,19.83799,14.662177,-4.1591644,-6.569689,-6.2360816,-6.8752337
-2.4706364,0.29234982,12.135504,13.049889,12.319811,12.446974,17.399073,9.555921,-4.9310656,-1.6678678,-7.794221,-2.46892
0.9920724,-1.6283286,7.47133,12.943576,8.463341,13.8782215,14.685972,11.942814,-0.26974604,-1.5723325,-3.385577,-1.5701877
-1.8283639,-5.79992,9.047064,17.17204,10.668016,18.020401,18.185884,15.107061,-2.6681845,-6.8284483,-4.791104,-7.07945
-0.21245083,-0.22760205,8.965723,11.3712435,10.204701,12.343719,15.69105,10.271444,-2.393454,-0.6053438,-5.459876,-0.9164543
-0.76169324,-1.1422607,8.974473,12.757495,10.283002,13.631315,16.307615,11.3951645,-1.8615618,-1.9977686,-4.6091723,-2.2153635
-0.18235126,0.27019963,8.990047,11.062184,10.210101,12.170599,15.721264,9.936265,-2.4831712,-0.47564936,-5.589021,-0.7853816
0.498311,-0.62545073,8.2591505,11.918198,9.527294,12.945915,15.135268,10.950645,-1.3898243,-0.9175352,-4.3800187,-1.1014662
-2.706142,-2.5269623,11.022704,14.230021,12.547854,14.663619,18.781841,11.746173,-3.881846,-3.490782,-6.609333,-3.8921657
-0.8261954,-3.911122,8.473484,13.86567,10.030851,16.167105,17.256716,14.041526,-2.0373676,-1.3342689,-5.1565785,-1.3654159
-0.32412183,-0.7288824,9.128088,11.848444,10.425873,12.91692,16.0512,10.463527,-2.5259771,-0.8973853,-5.672969,-1.2506361
0.18039992,-0.037927724,8.274434,11.583741,9.533697,12.613235,15.128467,10.78922,-1.4541585,-0.7735033,-4.442436,-1.0179441
-1.4573853,-0.3636674,10.145098,11.794201,11.673198,12.683228,19.223125,11.035413,-4.7178326,-2.1483166,-7.628918,-3.1447768
-1.4335245,0.10239849,10.045778,11.14843,11.261466,12.183484,16.559402,9.457776,-3.7008145,-0.6428203,-6.779575,-1.1907555
-1.9633151,0.54213154,11.005517,11.350553,12.141092,12.115199,17.552845,9.128618,-4.5775156,-1.0524966,-7.836884,-2.5888877
-1.2652661,-0.33560434,9.76254,11.544368,10.918638,12.667251,16.464983,9.756757,-3.406993,-0.6809796,-6.1440744,-5.7041526
-0.7020993,0.62716806,9.725204,10.726845,10.671127,11.898247,16.080034,9.382424,-3.2034507,-0.28645998,-6.292703,-0.82649165
-3.936401,-3.1589863,11.911292,15.304632,13.566159,15.455853,19.906849,12.021304,-4.8747663,-4.2339916,-7.193024,-5.089608
-1.9897237,0.5505917,10.795296,11.1418915,11.779902,12.060986,17.036049,9.291615,-4.065392,-0.9069876,-7.1071963,-1.558108
2.3009334,-4.220602,5.773623,14.111654,6.998866,15.694629,13.81935,13.812735,1.2225949,-2.3365076,-1.6033442,-2.26095
0.93296164,-0.6677201,7.7342114,11.763693,9.231677,12.793305,14.878411,11.084249,-1.2228734,-0.68137956,-4.4388204,-0.9030201
2.16887,-3.5234437,5.9594154,13.914404,7.336869,15.371229,14.374989,13.390707,0.52854306,-2.0222557,-2.4177883,-2.0559335
1.3364172,-1.9382507,6.1365757,13.395403,8.658771,13.278905,14.526786,11.366938,-0.65369254,-0.95365304,-3.4553947,-1.2867718
-1.4614246,0.4839953,10.345928,11.027663,11.546342,11.939076,16.780766,9.204051,-4.0054626,-0.63271534,-7.0777283,-1.2890245
-2.1149669,0.49032256,10.915777,11.251162,12.105739,12.161604,17.404419,9.189213,-4.168407,-0.897167,-7.533198,-1.802271
-0.3368833,0.36963612,9.198491,10.845805,10.315734,12.072038,15.691126,9.75115,-2.6503048,-0.368683,-5.7666726,-0.70038474
-1.0029705,-0.0971869,9.845834,11.6142,10.982945,12.685454,16.47008,10.030414,-3.362117,-1.0918163,-6.212375,-1.6649498
-1.2393621,0.4511413,10.052029,10.983552,11.26368,11.805838,16.960392,9.092631,-5.1095815,-1.4681091,-8.024881,-2.3170018
-3.3644845,-5.6627445,10.623854,17.557838,11.947232,18.365698,19.684727,15.0490265,-4.264214,-6.934313,-6.184425,-7.2439938
-3.6966112,-3.8655972,11.508544,15.743681,12.99166,16.52851,19.966614,12.206541,-4.508799,-5.1363096,-6.923329,-5.707727
0.1450158,-0.076691896,8.555747,11.3792925,9.865811,12.435032,15.523306,10.291404,-2.1351333,-0.6469507,-5.318929,-0.92870647
-1.0941343,0.027343923,9.895048,11.1446085,11.01293,12.21271,16.336023,9.560423,-3.416516,-0.4564044,-6.421349,-1.0589919
-2.453114,-1.6669848,11.024019,13.297326,12.437936,13.887139,18.468952,10.939103,-3.8632953,-2.8266983,-6.441484,-3.3433688
-1.6433334,0.059532877,10.420825,11.320257,11.62225,12.372755,16.880766,9.4483185,-3.8316467,-0.9691075,-7.174041,-1.5795555
-3.1048336,0.3603774,11.768763,11.720902,12.923888,12.512411,18.00438,9.290967,-4.18549,-1.5842091,-6.9944453,-2.0855515
-4.439469,-0.68676215,12.491087,12.853925,13.714746,13.464632,19.115595,9.665651,-5.168021,-1.9176551,-8.116107,-2.6299486
-4.5845566,-1.9426478,12.659725,14.329322,14.251034,14.776108,20.087168,10.8774605,-5.6837087,-3.574233,-8.040512,-4.463619
-4.251127,-0.5082402,12.582916,12.592222,13.694432,13.160278,18.904644,9.341815,-5.1644483,-1.7174075,-8.167768,-2.6755242
1.4123297,-2.4973197,7.0473585,13.702809,8.296312,14.521307,14.671943,12.85168,-0.1453578,-2.150474,-2.8870378,-2.1277072
-2.9862852,0.47380903,11.77498,11.736884,12.804684,12.488231,17.962751,9.266163,-4.3570137,-1.3069102,-7.350378,-1.9990005
-0.94757575,0.39430264,9.854199,10.952119,10.994906,11.994103,16.318314,9.332156,-3.5672164,-0.43546036,-6.5186896,-0.85857767
-1.4372042,-0.14738585,10.056553,11.416025,11.242809,12.581334,16.751684,9.724717,-3.7084315,-0.89346945,-6.891034,-1.8452414
-4.638891,-2.3255665,12.306438,14.597541,13.861835,15.257743,20.353926,11.2757015,-5.08376,-3.7988749,-7.7539263,-4.453853
-2.2302558,-1.6398524,10.729149,14.511693,12.015818,14.851945,19.046019,12.033739,-4.1503634,-3.8838005,-6.605657,-4.281541
2.8860714,-4.086458,5.5588098,13.934755,6.4999194,15.844359,14.026082,13.42597,0.99967295,-2.3915522,-2.1831193,-2.0791101
2.060695,-4.8246336,5.7444243,15.017932,7.2465906,16.404902,14.072758,14.551849,1.5304921,-3.6243494,-1.4845557,-3.2558727
-2.384829,-2.7112913,10.382648,14.458242,11.618826,15.003973,17.72146,12.2009115,-2.8283827,-3.7084086,-5.248989,-3.9872582
-1.3340648,0.32061017,10.0679655,11.236884,11.111689,12.265079,16.549814,9.667023,-3.2965298,-0.76748043,-6.4257503,-1.1333475
-2.9067056,-2.9613369,11.0970125,15.120357,12.467021,15.559472,19.056856,12.026766,-3.7031946,-4.219714,-5.8861675,-4.675258
-2.4890556,0.47632474,11.593799,11.549995,12.494501,12.285042,17.787567,9.222228,-4.3516545,-1.1998812,-7.5731936,-1.9728863
-2.2248826,-3.520345,10.296579,15.260914,11.633371,16.215223,18.710138,12.807107,-3.0575073,-4.5675235,-5.621059,-4.9321537
-3.0080001,-3.0721722,11.111324,14.927909,12.370107,15.737997,19.324146,12.225015,-4.131963,-4.28528,-6.2929516,-4.896191
-2.3466737,-0.2025288,10.699573,12.208148,11.39617,13.315415,16.846407,11.085794,-2.8242013,-2.0932949,-5.315556,-2.716728
-0.37995026,-1.8368546,8.691627,13.233087,9.919972,14.2177305,16.185474,11.721497,-1.6026187,-2.5692937,-4.4265914,-2.789065
-3.7566566,-4.86981,11.115583,16.881454,12.565916,17.562296,19.869057,13.736934,-4.2118692,-6.186207,-6.6799183,-6.6770625
-3.1609333,-0.4861613,10.351729,12.752141,11.5085125,13.852689,17.194197,11.280704,-2.6623611,-2.3316195,-5.164172,-2.7975945
1.6525155,-1.6250546,7.098471,12.762566,8.117376,13.780956,14.49942,11.955062,-0.21579048,-1.3421658,-3.2333655,-1.277232
0.08683444,-1.1164057,8.553665,12.458994,9.733257,13.506657,15.513367,11.30424,-1.5553702,-1.4706075,-4.6901083,-1.5843625
-3.5466216,-1.3973558,11.624578,13.360847,13.340114,14.2360735,19.165693,11.00144,-4.8329763,-3.151353,-7.373419,-3.8035793
-2.2484102,-2.0737572,10.374405,13.755293,11.987031,14.70024,17.290905,11.1734295,-2.7345955,-1.630382,-5.9647126,-2.6069956
-1.0583737,-1.8376204,9.724793,13.110509,11.097283,14.233171,17.074297,11.507193,-2.4071753,-3.128393,-5.1107187,-3.3095996
-2.2618797,-6.502175,9.272747,18.131132,10.768538,18.973673,18.751242,15.803474,-2.8120267,-7.718742,-4.740842,-7.8764544
-2.5793865,-2.5471992,10.915672,14.568939,12.551315,14.985622,18.934578,11.976268,-3.877065,-4.032573,-6.5530696,-4.5499816
-2.4680111,-1.9503033,10.80245,13.699701,11.958038,14.578988,18.078148,11.392038,-3.4715323,-2.8852928,-6.200855,-3.154567
2.9500995,-3.4578855,5.2753854,13.458059,6.581529,15.316188,13.419778,13.450164,1.4354829,-2.063897,-1.9375427,-1.7709372
-2.741822,-2.685686,10.813345,14.449856,12.390538,15.174037,18.732365,11.848685,-3.979541,-3.7494965,-6.3904257,-4.425742
1.3768728,-2.4462726,6.817302,13.61195,8.182567,14.723351,14.929423,12.88767,0.12852494,-2.2923172,-2.8414912,-2.133364
-3.1217542,-0.82324135,11.561789,12.92228,12.797745,14.108399,18.749504,10.763617,-4.2803946,-3.0873969,-6.813313,-3.7579398
-2.7464108,-2.81759,10.726864,14.661476,12.3155775,15.301828,18.74721,12.141426,-3.7858524,-4.1781783,-6.3360105,-4.4446692
0.37590882,-1.7077903,7.949889,13.170785,9.189009,14.605487,15.133029,12.591049,-1.0043545,-1.6821089,-3.7137566,-2.0123458
-1.8013403,0.20698181,10.421419,11.618966,11.569752,12.543395,17.135225,9.68349,-3.548647,-1.133024,-6.453702,-1.5614564
-2.6434658,-2.025338,11.258751,14.117955,12.880111,14.818188,19.130274,11.359633,-4.4758215,-3.817786,-6.9924107,-4.0468616
-2.4022057,-0.0043696454,11.529507,12.384716,12.524542,12.863933,18.961508,10.832361,-4.987179,-2.7174535,-7.6164365,-3.0107176
-3.0356536,0.17772762,11.936324,11.906729,12.845351,12.655431,17.994843,9.493031,-4.273131,-1.6054832,-7.0245175,-2.1379142
-2.2108579,-0.33411703,10.8025465,12.136122,11.771808,13.087683,17.587866,10.145065,-3.4337673,-1.7972305,-6.540183,-2.1223354
-5.2782393,-1.8465661,13.286856,14.382255,14.698265,14.907948,20.850477,10.738328,-5.8468366,-3.5521774,-8.430409,-4.3612633
-4.836445,-1.1629175,12.967505,13.179656,14.087865,13.684093,19.697615,9.727251,-5.5826855,-2.3161633,-8.340179,-3.10683
2.6062584,-3.7349596,5.517526,14.060945,7.0668745,15.676786,13.681651,13.933926,1.4207746,-2.5664258,-1.4392058,-2.2281425
-3.164111,-4.9404635,10.720378,16.894667,12.291795,17.589127,19.796,13.908771,-4.0253196,-5.9505696,-6.31919,-6.47002
-3.7692995,-0.35861227,11.6913805,12.893101,13.051071,13.5856905,18.465712,10.277947,-4.220025,-2.7414653,-6.637013,-3.264449
-2.3875585,0.04095587,10.912532,11.934946,12.144973,12.745072,17.58189,9.611642,-3.9297366,-1.6087707,-6.7779293,-1.783491
-1.5455656,-4.187932,9.199435,15.436172,11.034176,16.348614,17.873379,13.330771,-2.4335892,-5.3197002,-4.6656756,-5.3950005
-0.29474393,-3.486938,8.241946,14.912409,9.570886,15.813716,16.483105,13.61023,-0.84405065,-3.9595494,-3.411451,-3.8982658
-0.42749155,-2.0673392,9.089514,13.237689,10.503122,14.2849245,16.466528,11.983091,-1.8825628,-2.5230193,-4.536679,-2.7825758
-2.493069,-2.1373298,10.898938,13.986009,12.578429,14.685036,18.757408,11.550415,-3.9740436,-3.7519119,-6.4654274,-3.9211197
-1.5394372,0.5820442,10.415144,11.080383,11.545805,12.033406,16.777267,9.249856,-3.9345365,-0.70729613,-7.383672,-1.571514
3.4774365,-4.4112797,4.6929755,14.30993,6.3806763,16.015034,13.252546,14.497192,2.152048,-2.7785444,-0.80348563,-2.5748417
-2.5993536,-5.7032,9.930182,17.514444,11.626058,18.357985,19.311914,14.910791,-3.4806874,-6.8989196,-5.5691466,-7.1750154
1.9677122,-3.8577225,5.966895,14.49567,7.6257033,15.678542,14.380051,14.067628,1.0059427,-3.073468,-1.807359,-3.0037255
-2.9019935,-5.672075,10.21823,17.319223,11.630967,18.024305,19.277905,14.731953,-3.7391307,-6.6073585,-5.639672,-6.835551
-2.8858287,-5.4412394,9.975261,17.163895,11.726423,18.024317,19.212461,14.59759,-3.6679509,-6.3894744,-5.7935286,-6.7024903
-4.727554,-1.0330344,12.68406,13.075377,13.979261,13.730417,19.597544,9.765098,-5.4617467,-2.3397937,-8.143745,-3.2137358
-1.5126024,-1.0812275,10.360792,12.173192,11.948304,13.477473,17.295906,10.65375,-3.3827975,-2.1507072,-5.911038,-2.451201
-2.5299857,-5.6772466,10.062208,17.46201,11.388769,18.124092,19.153818,14.825731,-3.4598863,-6.552322,-5.504287,-6.8841763
-3.0778716,-5.7896066,10.290925,17.723463,11.989287,18.546198,19.559095,15.022014,-3.985576,-7.0160546,-5.8785977,-7.320473
-4.30369,-3.2933872,12.034017,15.831937,13.367808,16.549646,20.011646,12.531261,-4.592696,-4.8419666,-6.8637757,-5.8677783
3.1019342,-4.869614,4.4147253,14.793576,6.097041,16.627537,13.219899,14.986836,2.4549108,-3.1390057,-0.49436393,-2.8200197
-3.02727,-5.5424914,10.087344,17.35031,12.167651,18.160387,19.655985,14.529225,-3.7039964,-6.625364,-6.102571,-6.986672
-4.0245886,-3.0557373,11.7306185,15.1464615,13.580789,15.72719,20.134348,12.402907,-4.934368,-4.5235357,-7.627092,-5.425849
-2.8448403,-5.547979,10.150173,17.450653,11.733251,18.176878,19.452286,14.804494,-3.735295,-6.770279,-5.9212146,-7.075804
0.70280635,-3.8444004,7.277218,15.241915,8.974304,16.451496,16.074087,14.310035,0.123956,-4.130908,-2.6462207,-4.063126
1.7558175,-1.511895,6.8642244,12.369124,7.8738465,13.545535,14.193174,11.816744,-0.0021134263,-1.0359422,-3.0523014,-0.9753095
2.6339254,-3.4983099,5.4623656,13.684869,6.8515706,15.251271,13.562319,13.484604,1.3415887,-2.1576462,-1.7618922,-1.9906194
3.156588,-4.481372,4.690791,14.482129,6.553188,16.463594,13.51051,14.731002,2.1446974,-3.0118725,-0.8361427,-3.0775912
-1.2609377,-4.4451666,8.859648,15.848975,10.473943,16.842943,17.80311,14.180997,-3.1435928,-5.908257,-5.4102592,-6.18242
3.0974886,-4.9890213,4.6030574,14.820757,6.4307737,16.619617,13.474457,14.839424,2.236297,-3.4162965,-0.53118545,-3.0960643
-2.3410656,-6.069803,9.676705,17.685278,11.00477,18.360157,18.748228,15.459717,-3.1169426,-7.0363874,-5.066745,-7.377704
-5.0534368,-2.5482988,12.893975,14.835551,14.362797,15.285444,20.396925,11.235021,-5.7751913,-4.0865817,-8.005831,-4.9986644
-3.081473,-5.413128,10.529524,17.239052,11.96535,17.896711,19.592163,14.249418,-4.174194,-6.1955028,-6.1440167,-6.346491
-5.0938663,-2.1947262,12.868118,14.727362,14.326686,15.284173,20.60683,11.167432,-5.6308565,-4.1387877,-8.057421,-4.7101026
-2.1968493,-0.7111827,10.645994,12.556231,11.771527,13.271285,17.281551,10.366893,-3.2571726,-1.8839765,-6.080993,-2.3591712
1.5321927,-2.3099413,6.789399,13.123594,7.9969716,14.578123,14.388336,12.582251,0.23175098,-2.0250735,-2.67751,-2.0842514
-0.5525593,-3.2578852,8.721041,14.562739,10.072511,15.68621,16.624718,12.83177,-1.3950154,-3.879075,-3.8596442,-4.0562725
-0.010857355,-1.4343239,8.46598,12.662093,9.741923,13.683301,15.790123,11.527567,-1.3199446,-1.9104478,-4.2310553,-1.9218341
-4.613429,-1.1323832,12.826452,13.3842,14.070093,14.131637,19.698019,10.069674,-5.436084,-2.64109,-8.051897,-3.391106
0.5169943,-2.0095625,7.868224,13.078856,9.121996,14.426184,15.319299,12.148438,-0.71748614,-2.4247458,-3.4610658,-2.2080202
2.4966984,-4.3175282,5.146074,14.550492,6.7689915,16.118721,13.918428,14.544832,1.6414341,-3.3245633,-1.2616221,-2.832882
0.6487693,-3.4723341,7.3757844,14.55794,8.789452,15.575612,15.49078,13.727396,-0.16097924,-3.5581846,-2.85582,-3.331604
-4.205875,-2.265785,12.389624,13.868581,13.777461,14.689228,19.549047,10.6691065,-5.4652925,-3.1778116,-7.79192,-4.0480328
-1.5443765,-1.7081459,9.641171,13.706455,10.755806,14.949464,17.378696,11.88104,-2.2935092,-3.453736,-4.9166007,-3.4535167
-3.0118554,-6.3663316,10.248533,18.116806,11.889552,18.92034,19.681309,15.441166,-3.962243,-7.42281,-5.9331336,-7.71937
-3.0242472,-4.14487,10.611618,15.904842,12.140636,16.654408,18.526384,13.457284,-3.09845,-5.1055403,-5.2798867,-5.401997
-3.2948973,-2.3283532,11.374228,15.479287,13.033388,16.532558,19.366762,12.224633,-4.2231154,-5.0997524,-6.798551,-5.508847
-5.08189,-3.306728,12.867144,15.694746,14.463573,16.139807,20.809202,12.01797,-5.812003,-4.7036576,-8.144233,-5.5635185
-2.8571053,-6.4192863,10.100478,18.111732,11.648936,18.883972,19.516903,15.456066,-3.7508233,-7.4515376,-5.699728,-7.708333
-4.0165176,-1.5887314,12.006565,13.729082,13.277759,14.298978,19.091133,10.656505,-4.8237314,-3.00838,-7.5578227,-3.6850922
1.0007652,-2.2023199,7.4040165,13.238239,8.591803,14.41453,14.989879,12.658425,-0.5353523,-2.0881577,-3.3189862,-2.0396707
-3.3657572,-2.9538355,11.254457,15.331569,12.9676695,16.112059,19.532593,12.497654,-3.944954,-4.685391,-6.609084,-5.452568
-4.289589,-1.3717316,12.498308,13.299214,13.8307905,13.959635,19.354517,10.171344,-5.0174613,-2.7314954,-7.432005,-3.629478
-3.7047749,-2.2837832,11.856541,14.484172,13.057261,15.863641,19.666414,12.411712,-4.11045,-4.6778955,-6.9189825,-5.222087
-2.2938218,-1.2520392,10.6396675,13.115968,11.767067,13.996109,17.840683,11.087901,-3.4552028,-2.823548,-5.767701,-3.2733188
3.010868,-4.378707,5.239383,14.431621,6.4017434,15.954905,13.6346655,14.456658,1.5992225,-2.9278955,-1.3673749,-2.27481
2.568466,-5.3730993,4.9094014,15.447767,6.7539554,17.025858,13.864024,15.348563,2.2885857,-3.9096577,-0.6707855,-3.372054
-2.290894,-4.684379,9.900412,16.205025,11.324431,17.181541,18.089071,13.868324,-2.745237,-5.6868396,-4.847975,-5.599742
-3.5644338,-3.7616353,11.428886,16.01115,13.133919,16.618626,19.717031,12.741443,-4.571216,-5.241377,-6.548571,-5.3111053
1.0287515,-1.9039056,7.4418087,12.887849,8.586987,14.056603,14.995209,12.249151,-0.5329521,-2.0198286,-3.3593497,-1.8418123
-1.9180031,-5.2331204,9.431664,16.576437,11.116786,17.371504,18.191544,14.449241,-2.6285686,-6.0730076,-4.7752776,-6.3219147
-3.164783,-1.0959058,10.6641445,13.189555,12.202488,14.0504675,17.931114,11.436098,-3.131028,-2.8830085,-5.8672986,-3.3074436
3.1434283,-4.2765617,4.869174,14.381679,6.4345965,15.833182,13.628085,14.346668,1.6452571,-2.8696291,-1.1549747,-2.5247414
0.89404213,-2.9732983,7.0918336,14.148269,8.627147,15.258109,15.13145,13.458971,0.20858186,-2.9469967,-2.650483,-2.852994
-4.247517,-3.496258,12.094712,15.554986,13.756933,16.065298,19.836983,11.446014,-5.0221043,-4.4324965,-7.353136,-4.9718947
-5.9672217,-1.1103557,13.884506,13.82285,15.052345,13.996433,20.523539,9.667148,-6.5434475,-2.505557,-9.054097,-3.7585835
-2.8102567,-4.550827,10.096689,16.1635,11.744967,17.020002,19.034199,13.617298,-3.070198,-5.5939074,-5.3497267,-5.781636
-2.3646436,-6.8315063,9.418426,18.252184,10.973111,19.128754,19.0209,15.927269,-3.1566036,-7.842023,-5.043135,-7.9600077
-3.5365167,-2.4682374,11.433687,14.175834,12.993565,14.810039,18.850445,11.383719,-4.6524324,-3.6395352,-6.9127603,-4.2419896
-3.7400298,-2.2762337,11.60052,14.083552,13.242372,14.843488,19.147593,11.143529,-4.5702043,-3.4144166,-7.1791787,-3.8908207
-3.735963,-1.4872681,11.6647625,13.444012,13.176535,13.952673,18.95237,10.526229,-4.6179924,-2.8823085,-7.0655737,-3.4940224
-1.8714663,-1.9394702,10.065083,14.21701,11.611139,14.850424,17.293446,14.17845,-4.9600754,-6.2781086,-5.599943,-3.9890633
-5.3875966,-5.047206,12.747221,17.588247,14.100674,18.243864,21.367289,13.81265,-0.9656323,-5.34179,-3.0908704,-5.7115746
2.7312014,-4.798478,5.0197654,15.032545,6.288932,16.578949,13.99748,14.748331,1.7905815,-3.4614053,-1.2732188,-3.1616528
2.7013795,-3.5285904,5.533215,13.609798,6.791164,15.280887,13.737325,13.57714,1.346814,-2.2028105,-1.8318138,-1.8692143
-4.544627,-1.3837624,12.621406,13.38888,13.801263,13.974927,19.73766,10.303787,-5.4965878,-3.0619974,-8.11377,-3.8436434
-2.9772127,-0.6623781,10.359199,12.828072,11.585902,13.910969,17.608034,11.022942,-2.802226,-2.5015976,-5.608606,-2.936714
-4.396694,-2.2111351,12.448859,14.971912,13.946458,15.761588,20.403772,11.601706,-5.066572,-4.171577,-7.586053,-4.7994614
-1.1615965,-0.34857067,9.618961,11.23601,10.841929,12.755334,16.346327,10.072549,-3.0244153,-0.9334434,-6.129138,-1.4755256
-3.4116929,-3.168208,10.800129,14.798744,12.570064,15.533452,18.565725,12.242411,-3.5253034,-3.9234307,-5.7371583,-4.4195204
-5.590473,-4.65431,13.051251,17.286297,14.411591,17.880617,21.582533,13.314234,-1.1875548,-5.6631546,-3.1719224,-6.2588587
-3.9207458,-1.7932519,11.840896,13.625418,13.718925,14.1430025,19.162045,10.381185,-5.030743,-2.7082338,-7.72434,-3.625681
-2.677397,-3.8513908,10.386049,15.590897,11.841291,16.358967,18.084314,13.225016,-3.222334,-4.974743,-4.5985866,-4.909564
-2.8225298,-4.3335524,10.429386,16.32135,12.1406555,17.215237,19.426493,13.655803,-3.2117128,-5.4770226,-5.55559,-5.778445
3.094681,-3.9672303,4.8981285,14.148429,6.1932793,15.854908,13.304226,14.174276,1.5976799,-2.7802541,-1.1100116,-2.0877616
-1.8467098,-2.350054,9.855305,14.233734,11.406498,15.107021,17.05218,14.215818,-5.0472164,-6.4845734,-5.4385643,-4.0465226
-6.2669344,-1.7322402,14.285483,14.425087,15.680365,14.457495,21.359804,9.996199,-6.952097,-3.2960372,-9.680329,-4.3250923
-5.500166,-1.3259791,13.565583,13.7562475,14.989419,14.386892,20.707748,10.244684,-6.1358304,-2.9858577,-9.040018,-3.7595615
-2.5779476,-4.215141,10.117242,16.101452,11.964239,17.012758,19.109589,13.625452,-3.0031161,-5.5172095,-5.324823,-5.8652444
-3.6218038,-2.774382,11.705096,14.863665,13.422335,15.896405,19.649826,12.177786,-4.854319,-4.7572937,-7.2199197,-4.9213223
-4.2079287,-3.2096848,12.098632,15.257924,13.812228,15.877187,20.370407,12.097663,-5.2125893,-4.761542,-7.6376367,-5.401979
-2.8450143,-1.8564562,10.623775,14.160293,12.218366,15.31739,18.221642,11.498737,-3.1415942,-3.4420385,-5.916607,-4.339315
-4.0520406,-2.2856584,12.037933,15.150538,13.636607,15.9278145,20.141108,12.163578,-5.1615295,-4.6518755,-7.2337923,-5.5128336
-3.2166278,-4.260432,10.933398,15.881008,12.34397,16.599434,18.989918,13.197861,-3.880012,-4.960888,-6.070899,-5.88576
-2.471614,-0.71345323,10.216359,12.906353,11.486149,14.14564,17.500904,11.530911,-2.7352037,-2.7750723,-5.394359,-3.208319
-1.3809905,-0.08270876,10.237991,11.571217,11.45618,12.751207,17.010933,9.733223,-3.5428119,-1.0966729,-6.3279905,-1.5187056
-3.1437333,0.3460717,12.00311,11.701495,12.967884,12.491653,18.156866,9.210154,-4.5178466,-1.5563397,-7.3476734,-1.9974799
-5.8632846,-1.9926332,13.949,14.661418,15.373097,14.786408,21.220936,10.266745,-6.587226,-3.5219758,-9.340273,-4.3818455
-2.8107169,-3.7863922,10.451962,15.461681,11.886236,16.349714,18.532305,13.189298,-2.8431144,-4.951237,-5.200148,-5.126787
-5.0306582,-3.1711884,12.794454,15.739313,14.219652,16.192078,21.009003,11.881276,-5.7170434,-4.829339,-8.192046,-5.57717
-1.0786633,-2.655724,8.884746,14.22501,10.599371,14.530656,16.884184,12.131458,-2.5335383,-3.3771465,-5.7485166,-3.6898081
-4.042713,-0.5618459,12.402688,12.762462,13.733462,13.482622,19.121525,9.861171,-5.128546,-2.288893,-7.763321,-3.1088173
-4.8043275,-1.913293,12.8954315,14.337183,14.295455,14.882806,20.388136,10.976509,-5.768542,-4.0648117,-8.176377,-4.8277297
-3.078378,-5.4557834,10.465918,17.445215,12.094325,18.14927,19.727158,14.611702,-4.004824,-6.4969063,-6.074438,-6.708845
-2.6217413,-1.5999647,10.790149,13.696774,14.471616,13.984686,20.041357,10.0000725,-5.836105,-2.724384,-8.342401,-3.5359921
0.27915484,-1.6429024,8.118427,12.785273,9.340592,13.963908,15.7878895,11.930028,-1.4187346,-2.0872314,-4.06731,-2.1862266
-0.95190716,-5.7226987,8.165708,16.866833,9.791308,17.740236,17.362547,15.252515,-1.9457959,-6.783564,-4.092518,-6.742408
-4.4299903,-3.3857532,12.190853,15.3614,13.748423,16.090504,20.29297,12.231052,-5.1402235,-4.498251,-7.3545237,-5.513568
-0.5940325,-2.932965,8.571681,14.003665,10.104811,15.287761,16.727835,13.0522375,-1.3055061,-3.874228,-3.7753806,-3.9400349
2.7863066,-4.7908835,4.993223,14.885961,6.6557627,16.381195,13.840706,14.301292,1.5681496,-3.4354308,-1.328453,-2.7303178
-2.361127,-1.5779177,11.11198,13.603855,12.327377,14.208251,18.491192,10.946605,-4.1695695,-3.277981,-6.6465034,-3.8127851
-2.9501283,-3.9962387,10.446422,15.874503,12.134425,16.68378,18.7775,13.339521,-3.1154323,-4.9281745,-5.2616115,-5.358324
-4.5790734,-2.2471952,12.473396,14.166957,14.042612,14.764957,20.060295,10.975827,-5.5454803,-3.58653,-8.076501,-4.307627
-3.1484618,-5.2306285,10.624927,17.048727,12.497884,17.92961,20.12751,13.895099,-4.539594,-5.45764,-6.417748,-5.8275003
1.4051349,-1.7861804,7.202808,12.943688,8.128334,14.104715,14.593907,12.426882,-0.089843616,-1.7990857,-3.0010216,-1.8330023
-4.3050947,-3.498737,11.94608,15.615479,13.527738,16.522259,20.455276,12.54233,-5.065328,-4.931767,-7.406745,-5.739058
-4.3300633,-1.8968129,12.404776,13.948454,13.659575,14.549297,19.62137,10.663929,-5.2739186,-3.2848496,-7.8202076,-4.0820875
0.39742428,-4.5337286,7.368695,15.43567,8.901627,16.631859,15.9276495,14.43767,-0.022956787,-4.257592,-2.5564892,-4.1377864
-1.6544076,-2.6830676,9.762975,14.276998,11.1093445,15.44901,17.50845,13.316418,-2.9298108,-4.4465275,-5.052295,-4.355567
1.2552967,-1.7327485,7.2472363,12.809446,8.403291,13.843255,14.654673,12.357046,-0.40517807,-1.8025333,-3.330424,-1.6268274
2.4237397,-3.3170903,5.7258353,13.688037,7.160605,15.189011,13.824572,13.16229,0.85509825,-1.8754411,-2.4768143,-1.7443857
2.9772174,-4.570236,4.7791805,14.671738,6.330406,16.317053,13.255993,14.570807,1.9994811,-2.8831403,-0.7949611,-2.475209
-2.4244995,-4.6624722,10.245156,16.12985,11.78441,16.859241,18.877846,13.405247,-2.8283243,-5.2514887,-5.270542,-5.4710054
-2.417016,-4.011734,10.101265,15.623321,11.819752,16.686506,18.564997,13.371631,-2.6476483,-5.0219545,-4.827556,-5.425247
0.24745162,-2.7242668,7.781471,13.902311,9.19255,14.840313,15.792869,13.007374,-0.6325457,-2.9508789,-3.6286938,-2.752526
-2.437158,-3.8276267,9.871714,15.3850155,11.515776,16.24082,18.234766,13.135141,-3.1102693,-4.5686045,-5.2577767,-5.15527
2.1810458,-4.901241,5.455969,15.073672,7.3554893,16.415798,14.238417,14.37203,1.7674558,-3.515744,-1.3268685,-2.7871394
1.7165703,-4.507518,5.9341803,15.110004,7.570827,16.454548,14.566406,14.509872,1.3142099,-3.6701612,-1.3602775,-3.2231934
-3.2752209,-1.5114352,10.798355,12.231747,12.186446,13.499686,17.671038,10.5623255,-4.145794,-2.451042,-7.086321,-2.9454565
0.6230501,-2.752485,7.9146647,13.885387,9.069461,15.297543,15.696672,13.378578,-0.3701574,-3.428081,-3.298588,-3.6078067
-2.6167128,-6.5705085,9.749258,18.268845,11.264329,19.018457,19.265259,15.718456,-3.4944317,-7.6026464,-5.4438877,-7.8852344
-4.2248807,-1.0621527,12.80391,13.9808035,14.054125,14.89925,20.167507,10.597527,-5.4324164,-3.1588204,-8.165382,-4.350319
-3.5591164,-3.461413,11.243859,15.679559,12.830898,16.157656,19.567455,12.653568,-4.266938,-4.7710614,-6.7287836,-5.347444
-1.1854128,-3.0590847,9.008443,14.698213,10.468337,15.655748,17.193327,12.830473,-1.780921,-4.2384577,-4.0670867,-4.478719
0.5927233,-3.6774142,7.3399334,14.825089,8.773229,15.77308,15.650265,13.903986,-0.123068295,-3.7271852,-2.7788281,-3.584279
-3.1429915,0.035225756,11.7764635,12.203639,13.163734,13.184814,18.588337,9.798207,-4.160163,-2.190347,-6.830938,-2.4909098
-2.9083345,-1.3005754,10.368499,13.223786,11.786084,14.0916,17.817678,11.503122,-2.8964932,-2.9678955,-5.7629123,-3.4511495
3.2760036,-4.745204,4.643255,14.475024,5.922781,16.191994,12.961815,14.437478,2.3389964,-2.653316,-0.6705045,-2.299114
-4.0797415,-0.44641072,12.262113,12.701817,13.5711355,13.799367,19.000422,9.957782,-5.0490704,-2.6567004,-7.6332893,-3.3621752
-3.2556,-3.3747563,10.7714405,15.3175745,12.561264,16.266968,19.428204,12.462013,-4.616598,-4.8222804,-6.9487076,-5.3811135
0.1442052,-2.6522222,8.306673,13.575901,9.573334,14.751555,16.130777,12.475376,-0.98677564,-2.882244,-3.7076035,-3.4414575
0.20940363,-1.1571143,8.288175,12.398877,9.6190195,13.364436,15.4139385,11.380283,-1.3603129,-1.4732058,-4.289834,-1.5692157
-0.5638192,-1.3177818,8.740112,12.928162,9.870208,13.918575,16.127546,11.535969,-1.6963257,-2.0369139,-4.366017,-2.2292106
1.7480294,-4.174971,5.9599648,14.813266,7.784483,16.294664,14.973838,14.430764,0.5829181,-3.6186428,-1.980707,-3.361373
-1.8211735,-0.74670017,10.650747,12.2662325,11.6027775,13.165674,17.261042,10.117643,-3.5816803,-1.5546902,-6.2254453,-2.0083086
-3.9241881,-0.6092421,11.981777,12.546412,13.404334,13.478569,18.912073,9.847963,-4.7838645,-2.4873729,-7.5594406,-3.127501
0.96353704,-1.0384235,7.697985,12.201929,8.931136,13.194506,14.940946,11.520776,-1.016432,-1.0838456,-3.9840858,-1.2639024
-0.8172137,-2.5556664,8.994686,13.859457,10.497281,14.801392,16.895716,12.430735,-1.7524854,-3.4984448,-4.24177,-3.5536044
2.738921,-5.094772,4.9975142,15.279376,6.475078,16.818163,13.647131,15.111197,2.424028,-3.412452,-0.5963138,-3.088994
-3.3893867,-3.6458645,10.648792,15.056215,12.687052,15.2980585,18.907225,12.52701,-3.7610817,-3.7637913,-6.359067,-4.794181
2.7289648,-3.8163059,5.5986547,14.083146,7.1245985,15.579968,14.04598,13.968887,1.2110205,-2.6648417,-1.6642588,-2.5542374
-4.730049,-1.447603,12.542412,13.660195,14.058978,14.26261,19.737337,10.357095,-5.390426,-2.946008,-7.7873588,-3.785899
2.646031,-3.7665656,5.4592357,13.84047,6.8280654,15.500887,13.509608,13.822947,1.5845119,-2.3150122,-1.4335996,-1.9287189
0.5370069,-2.8230631,7.846845,13.933016,8.937766,14.842711,15.475951,13.040632,-0.3993681,-2.8511426,-3.3799956,-2.7872856
-4.421498,-2.883007,12.43347,14.426942,13.667749,14.937921,19.868698,10.919194,-5.2903385,-3.5805364,-7.6320057,-4.3377895
0.43711358,-3.0510838,7.7855124,14.097303,9.107972,15.05672,15.873424,13.20052,-0.5617631,-3.3546014,-3.348971,-3.1525745
-2.220727,-0.49326444,10.560665,12.346853,11.944332,13.551224,17.21466,10.54731,-3.2620416,-2.1087303,-5.8336377,-2.3172204
-1.7298794,0.39366722,10.599537,11.247462,11.820896,12.206757,17.08312,9.3123045,-3.9402227,-0.916845,-6.9854527,-1.5451455
-3.4131024,-4.902417,10.976961,16.702616,12.530794,17.518343,19.689281,13.839407,-3.9662354,-5.8838487,-6.3705277,-6.514051
-3.7706904,-4.0690026,11.2567625,16.119015,13.009954,16.707848,19.705534,13.112535,-4.514944,-5.212746,-6.784384,-5.7169924
-4.370915,-2.1125984,12.436181,14.22239,13.749823,14.629208,19.802149,10.7460785,-5.370851,-3.295409,-7.7711163,-4.1009173
-4.236594,-1.8735545,12.491269,14.031313,13.62772,14.566984,19.994692,11.129554,-5.267707,-3.6096559,-7.589066,-4.447489
-2.2712455,-4.3209324,10.057415,16.096466,11.724606,17.061865,18.885681,13.619384,-2.793563,-5.281165,-4.9824915,-5.334983
-2.9097838,-5.004674,10.742504,16.867397,12.3786955,17.683008,19.54546,13.99615,-3.688055,-6.0961657,-6.137796,-6.535273
-3.9534914,-1.98087,11.645033,14.412761,13.032958,15.918285,19.261063,11.936426,-4.2034245,-4.245215,-6.4411173,-4.898337
-4.3264704,-1.0843654,12.464416,13.429316,13.662978,14.332601,19.907902,10.3013735,-5.5538025,-3.099322,-8.070281,-3.9307182
-5.6404915,-4.7214613,13.072004,17.055735,14.462541,17.726551,21.378386,13.205257,-1.2997102,-5.748776,-3.1221945,-6.239789
2.6349976,-5.0297728,5.250609,15.251424,6.7356133,16.602238,14.064446,14.963305,1.7172031,-3.5984051,-1.0915356,-3.0140567
-3.578048,-2.9901357,11.762629,15.144168,13.323815,15.361017,19.803331,11.854402,-4.721537,-4.2240357,-7.202281,-4.6927285
-3.6666157,-2.2155526,11.666577,14.44936,13.17774,15.623151,19.369385,11.815717,-4.4618278,-4.246557,-6.7836246,-4.7563324
-1.7605699,-5.134297,9.2307415,16.505787,10.915388,17.646605,18.590624,14.629608,-3.5567718,-6.4172144,-5.584142,-6.7706456
-1.7859371,-4.8442626,9.362649,16.434486,11.117576,17.338552,18.256144,14.245084,-2.662221,-6.0636897,-4.855132,-6.229646
1.1827792,-1.6532569,7.3000245,12.98663,8.602536,13.738878,14.83324,12.3135805,-0.57080543,-1.6406206,-3.3182712,-1.7744406
-1.632825,-1.6985681,9.922807,13.350164,10.995156,14.509869,17.2469,11.749299,-2.503752,-3.181945,-5.11382,-3.505883
-2.7280536,-5.8728614,9.801986,17.482748,11.54887,18.29474,19.251442,14.976644,-3.6491663,-6.861312,-5.6515436,-7.0368304
-1.3386557,-2.2953615,9.448512,13.894466,10.872586,15.029541,17.463377,12.464822,-1.6300788,-4.2119503,-4.1592984,-4.3710227
-1.0737741,-3.5352614,8.464225,13.908526,10.046773,15.733926,16.948416,13.163065,-4.0280185,-4.85646,-6.44789,-5.699328
1.7329633,-2.385773,6.649361,13.130933,7.9677634,14.572999,14.48304,12.956095,0.25966164,-2.1815188,-2.7389688,-2.202749
-4.308563,-2.047559,12.4324465,14.391769,13.859981,14.888653,19.908092,11.1326065,-5.451195,-3.8715217,-7.8910103,-4.630351
-5.2069783,-2.8500264,12.937975,15.407677,14.099356,15.787585,20.827597,11.904022,-5.4797196,-4.715188,-7.6149197,-5.67582
-3.2831404,-1.0774883,11.5152,12.897334,12.393289,13.470448,18.04003,10.449049,-3.6937978,-2.4073458,-6.5146723,-2.8871608
-5.010062,-1.9781322,13.097882,13.8968725,14.391591,14.256782,20.00523,10.115038,-5.8303695,-3.1921513,-7.9878063,-3.2402306
-3.4474926,-2.0432003,11.326417,14.639743,12.972989,15.972268,18.731356,11.501041,-4.161969,-4.0998006,-6.6273246,-4.6701593
-0.10122497,-0.2853541,8.902265,11.488559,9.475151,13.0189495,15.647855,10.678508,-2.2701042,-0.8063632,-5.3977075,-0.96505135
0.3785512,-1.7770646,8.074621,12.901303,9.177238,14.0328665,15.450399,11.834735,-0.9307728,-1.8984388,-3.893718,-1.7177637
-3.7003946,-3.2666142,11.673306,15.394394,13.066008,15.594677,19.970568,12.331529,-4.6350236,-4.6911473,-7.238334,-5.1253796
-5.3880415,-2.6223629,13.160809,14.861892,14.588809,15.397673,20.836525,11.150783,-6.161406,-4.158337,-8.589661,-4.9044704
-4.961193,-1.7288781,12.95338,14.199017,14.560306,14.739111,20.42453,10.755737,-5.7885585,-3.4447138,-8.244956,-4.061664
-4.7709627,-0.83957297,12.885368,12.9870615,14.111644,13.46011,19.524797,9.572481,-5.3776374,-2.296863,-8.130036,-2.967379
0.0961583,-3.7443488,7.8437314,14.981155,9.321523,16.02814,16.157206,13.914003,-0.5211592,-3.9754963,-3.1215563,-3.8896344
-5.6039877,-4.5094213,13.121888,17.021708,14.492746,17.738655,21.516106,13.269533,-1.0771165,-5.4569516,-3.3251984,-6.0923753
1.3977923,-2.0060742,7.131495,12.87329,8.168043,14.083788,14.578772,12.3603,-0.18988727,-1.7935848,-3.0877604,-1.666521
-4.1003823,-2.3840373,12.243627,14.109792,13.749074,14.809898,19.787424,11.1091175,-5.238823,-3.6566365,-7.634849,-4.31702
-2.4607701,-4.7778254,9.994252,16.476534,11.862921,17.111408,18.875336,13.861389,-3.3775191,-5.6423607,-5.29055,-6.074939
-2.406284,-0.19118187,10.995759,11.950175,11.975057,13.005391,17.810898,9.630272,-3.9614277,-1.6934686,-6.918509,-2.0472822
-3.941566,-2.9639513,11.689042,14.989339,13.560776,15.832588,19.65387,11.717524,-4.3442593,-4.185856,-6.5465274,-4.6008763
-1.9280995,-0.7848822,10.274859,12.61529,11.85641,13.508829,17.323029,10.535153,-3.2501564,-2.2845027,-5.7009754,-2.604299
-1.2162141,-2.1446254,9.431486,14.019009,10.696381,14.813839,17.111027,12.200047,-2.053451,-3.501249,-4.6364493,-3.7558918
0.5455433,-4.269636,7.1762285,15.252375,8.69192,16.262703,15.653414,14.319769,0.12092592,-4.159442,-2.6126113,-3.9884002
-3.7498374,-1.9206704,11.842979,13.737281,13.095571,14.45346,19.21827,10.917368,-4.60838,-2.9018695,-7.396168,-4.0361567
-5.2725616,-1.6356808,13.354243,14.237508,14.603285,14.595292,20.44449,10.332063,-6.0908365,-3.52789,-8.623699,-4.280407
-0.41488698,-1.5883812,8.157119,13.999451,9.838785,14.888092,16.283949,12.863336,-1.4016174,-3.0528634,-4.1892,-3.2213593
-2.2808383,-1.1054076,11.019022,13.10842,12.283378,14.240967,18.806974,11.016803,-4.3316145,-3.0159655,-6.8308163,-3.9032557
-2.679337,-1.1830997,10.766231,12.982955,12.329398,13.9095955,17.773802,11.080529,-3.2630033,-2.712183,-6.2671423,-3.1254091
-4.2846246,-4.2723317,11.883384,16.338383,13.389605,16.968706,20.330898,13.051499,-5.0422215,-5.508482,-7.2422585,-6.176858
0.45944467,-3.714926,7.3106265,14.865392,8.894456,15.963054,15.901381,13.944438,-0.24855271,-3.6923635,-2.8854437,-3.6946385
-3.3777528,-4.3922706,11.0962305,16.253078,12.474171,17.148418,19.810698,13.659979,-4.0571737,-5.6213903,-6.4631863,-6.2114344
0.6518212,-3.3014808,7.3106194,14.623638,8.966322,15.499682,15.605181,13.583438,-0.18897718,-3.4010048,-2.9696012,-3.200275
3.0664372,-5.0580354,4.682594,14.925659,6.140497,16.442633,13.377748,15.048003,2.3295302,-3.1949844,-0.37192398,-2.7087078
1.9787949,-1.8763748,6.523848,12.5865135,7.6974216,13.862844,13.988072,12.049995,0.32715836,-1.3030076,-2.7988868,-1.2028778
-3.4975193,-3.9812524,11.252224,15.792763,12.51413,16.514648,19.506033,12.893117,-3.787951,-5.0753846,-6.683837,-5.6677747
-3.3026607,-2.3774073,11.820984,14.514733,13.4440365,15.268289,19.679632,11.621318,-5.011919,-4.291283,-7.218849,-4.917972
-2.8066707,-0.09348226,11.835228,12.251229,12.733952,13.979719,17.860622,9.628952,-4.2745223,-1.909335,-7.397648,-2.6569605
-2.1137476,-0.6201545,10.378637,12.396978,11.624467,13.377076,17.254877,10.448275,-3.0555482,-1.9595318,-5.562995,-2.4476106
1.3099076,-2.1327446,7.5709615,13.266214,8.703668,14.70911,14.983243,12.74866,-0.3173422,-2.4383821,-3.1412954,-2.4422789
-6.7761197,-1.2240057,14.77838,13.896139,15.950421,13.807987,21.32032,9.419294,-7.270014,-2.9978206,-9.875115,-3.5040646
1.4241853,-4.501445,6.530067,15.320572,8.189401,16.56149,15.318949,14.679872,0.7463859,-4.036279,-2.1048448,-4.056932
-3.6916173,-4.6243887,11.304568,16.524876,12.75827,17.316584,19.898945,13.59848,-4.5680695,-5.764549,-6.902335,-6.3411484
-6.739525,-1.1178876,14.655368,13.812025,15.7910385,13.811357,21.21019,9.496143,-7.2292266,-2.7598536,-9.809698,-3.5570292
2.2617495,-4.6710124,5.4873147,15.131623,6.969473,16.567102,14.389952,14.815622,1.5263357,-3.7190955,-1.4013281,-3.4921942
2.2019327,-1.6921045,6.5747194,12.269917,7.560677,13.614484,13.875887,11.891671,0.2791466,-1.0153607,-2.8495371,-0.95775837
-2.2005072,-5.4312825,9.543306,17.072422,11.144102,17.7667,18.137472,14.676486,-2.7747157,-6.496092,-4.5826187,-6.5167303
-3.2336335,-1.9434994,11.534571,14.360622,12.971964,15.449073,19.141254,12.698836,-4.088512,-4.9421477,-6.4629292,-5.677317
-0.3654991,-2.2397053,9.649043,14.073002,9.854405,14.985755,16.148712,12.750536,-1.4319807,-2.5034165,-4.2638955,-2.9289913
-5.0934553,-3.3230686,12.74882,15.768854,14.237716,16.466047,20.926105,12.172221,-5.697814,-5.016227,-7.9737344,-5.6897745
-1.5216868,-3.7919736,9.273765,15.261124,11.019553,15.939889,17.836761,13.17728,-2.518553,-4.730508,-4.879623,-5.0778947
-4.3938775,-1.4927365,12.6776705,13.403035,13.854226,14.05286,19.499968,10.006694,-5.397315,-2.4442627,-8.010891,-3.1232228
-5.4044704,-2.2720478,13.499803,14.787802,14.823731,14.95392,20.93209,10.949498,-6.2610044,-3.9778914,-8.689188,-4.7744117
-4.374811,-2.3681333,12.320989,14.281384,13.883855,15.10554,20.011337,11.325705,-5.1942225,-3.756996,-7.5322523,-4.8457994
-2.4441247,-5.985018,9.767756,17.531603,11.25642,18.56774,19.091461,15.145575,-2.9898415,-6.9961214,-4.9867854,-7.242005
-1.1181263,-2.3165007,9.223066,13.95781,10.582337,15.072272,17.030106,12.55006,-1.8936168,-3.8493097,-4.563817,-3.9258745
-1.3305417,-2.9336078,8.906369,14.820574,11.135691,15.2461605,17.600027,12.160507,-2.4595847,-3.47041,-4.8596306,-3.780181
-2.7624483,-0.07691609,11.268711,12.17497,12.612407,12.946206,17.98811,9.728716,-3.9114842,-1.798712,-6.774238,-2.169093
2.5804613,-4.3479843,5.222726,14.689597,6.842519,16.313282,13.831986,14.703205,1.8464878,-3.7279813,-0.9002581,-3.209762
-2.672757,-0.44948715,10.699246,12.654786,12.019692,13.543301,17.39106,10.545515,-3.1382084,-2.3168697,-5.978703,-2.6535258
3.0075922,-3.9288363,5.1624184,13.683313,6.496116,15.323279,13.409178,13.804172,1.6864923,-2.3175511,-1.3350327,-1.9257118
-4.1666703,-2.2798462,12.291211,14.117054,13.920512,14.867388,19.652794,10.975348,-5.034973,-3.3646688,-7.4610014,-4.701081
-2.7776394,-0.40311533,11.01907,12.109458,12.299776,13.030812,17.28411,10.214259,-3.2918553,-1.8829039,-6.111962,-2.2973752
-2.6357365,-5.3437343,9.995012,17.025208,11.500578,17.84995,19.02198,14.585153,-3.6828651,-6.318521,-5.3971024,-6.661506
-1.4621729,-2.4466352,10.765841,16.303299,11.182628,16.459475,18.28805,13.908452,-4.1448717,-5.6793957,-6.5790434,-6.336312
0.49172604,-3.426576,7.59941,14.434469,9.108485,15.383139,15.898915,13.344206,-0.55555105,-3.3062391,-3.3558226,-3.2860441
3.2725453,-4.740785,4.5008574,14.378583,5.919528,16.158438,13.001351,14.599792,2.377236,-2.8117568,-0.6199713,-2.2255683
-3.1128688,0.04367262,11.760385,12.059062,12.818613,12.778241,18.337372,9.462377,-4.48165,-1.6996982,-7.2837615,-2.2605996
-4.863621,-1.0002221,13.00358,13.188238,14.152136,13.725997,19.64256,9.874185,-5.5520477,-2.4011598,-8.1626005,-3.2234333
-3.1129458,-4.1306763,10.790107,16.250704,12.567286,17.08343,19.808495,13.137316,-3.6199784,-5.0634565,-5.8666277,-5.5334997
-3.9713163,-4.384678,11.260014,16.355906,12.8864155,17.047676,19.717709,13.579778,-4.41166,-5.4406157,-6.770216,-6.261531
0.59445107,-1.494042,8.087744,12.52417,9.284353,13.724627,15.284899,11.758563,-1.3185925,-1.682347,-3.9650342,-1.8289059
-4.937152,-1.8490409,12.926712,14.202984,14.251175,14.861068,20.269844,10.680854,-5.663364,-3.775064,-8.262025,-4.4834085
-3.6915207,-1.8684579,11.66462,14.3186035,13.168889,15.505266,18.97822,11.299561,-4.3194284,-3.6737883,-6.9569945,-4.3007264
-2.4059923,-3.290449,10.308268,15.186843,12.230639,16.268656,18.79271,12.6673,-2.9543476,-4.443119,-5.7739897,-5.1260967
-2.0733597,-2.90393,10.045045,14.576169,11.490373,15.597147,18.155216,12.450401,-2.6621141,-4.102642,-5.304977,-4.3651776
3.4700112,-4.4543242,4.7914042,14.3493185,6.1420317,15.902418,13.311886,14.9016695,2.4006064,-3.0349293,-0.77903724,-2.6087747
-3.961629,-0.0928863,11.802406,12.32991,13.461017,13.15159,18.591097,9.679202,-4.1342893,-2.1694725,-7.034537,-2.7768335
-2.9922943,-2.7535915,10.997152,15.28549,12.419485,16.260582,19.183607,12.3433485,-3.8371656,-4.344748,-6.1212616,-5.1384115
-2.933687,-4.571901,10.587399,16.45544,12.085492,17.248573,19.539581,13.709355,-3.4356518,-5.620616,-5.8481183,-6.1343374
3.1933787,-5.030383,4.5572677,14.790916,5.9347653,16.45385,13.07151,14.949158,2.479027,-3.1125371,-0.40415597,-2.4945033
2.4324753,-3.865028,5.5826597,14.003301,6.9336424,15.442168,13.762303,13.888209,1.3414882,-2.5830393,-1.778416,-2.332338
-3.3989775,-1.2347625,10.702506,13.499671,12.169152,14.312529,17.843632,11.878194,-2.9140239,-3.3456447,-5.218445,-3.5301263
-3.8828778,-4.774317,11.291695,16.710466,12.902288,17.356302,20.084736,13.5097475,-4.510266,-5.846751,-6.7094803,-6.4380116
-1.7346334,-1.1682174,10.111851,12.682256,11.276253,13.697295,17.12727,11.041308,-2.7427187,-2.3291967,-5.5062003,-2.5297527
2.0961287,-5.224476,5.5979056,15.6333885,7.120564,17.092997,14.303139,15.27724,1.9191992,-4.053014,-1.021155,-3.7004492
-1.8455337,-3.669394,9.816388,15.216883,11.161632,16.072863,18.062325,12.869853,-2.314635,-4.415677,-4.7788854,-4.7460027
2.2237258,-1.7113706,6.5640163,12.321124,7.5961704,13.618742,13.889863,11.927279,0.32500088,-1.0001956,-2.7792625,-0.83066237
-6.624983,-1.2076687,14.638437,13.920155,15.659084,13.900182,21.2849,9.587225,-7.1154523,-2.8921993,-9.562054,-3.3687809
-4.6554704,-2.1236947,12.684318,14.46517,14.21186,15.047644,20.224747,11.209792,-5.3793387,-3.8511183,-7.8351593,-4.5880666
-1.4245594,-6.1420856,8.635322,17.344557,10.182549,18.220125,17.860756,15.304872,-2.12599,-6.986222,-4.239589,-7.102641
-3.6149397,-4.805075,10.65918,16.699902,11.774864,17.222479,18.960028,13.709102,-3.675901,-5.6286435,-5.8568926,-6.0913157
-0.01905324,-3.1210878,7.8544683,14.008349,9.492113,15.080053,15.977445,12.915759,-1.0213618,-2.900365,-3.6932178,-2.9913113
-3.4267907,-0.5585602,11.958038,12.407073,12.924452,13.249141,18.557238,10.206038,-4.314347,-2.5632262,-7.050316,-3.163648
-2.123122,-6.2535625,9.180901,17.786436,10.812208,18.710253,18.546434,15.686749,-2.7963479,-7.4571233,-4.9594064,-7.739439
-0.3732616,-5.3624477,7.865903,16.596062,9.367819,17.546047,16.791624,15.31227,-0.17158888,-5.3060575,-2.7799296,-5.1750665
-4.796049,-3.5164676,12.527124,15.460863,13.2938175,15.258123,20.211897,12.266495,-5.4361963,-5.076286,-7.5992804,-5.680497
-0.13690314,-3.1937873,7.916329,14.426231,9.688759,15.311771,16.215239,12.991453,-1.1173074,-3.3932242,-3.9042766,-3.003492
-1.289937,-1.5032762,9.567415,13.012466,11.031218,14.163144,16.625,11.608555,-1.8853143,-2.8939042,-4.388956,-2.9083257
-4.8843064,-2.0327003,12.299461,14.768281,14.271985,15.518701,20.008629,11.542529,-5.3641114,-3.8839328,-7.568132,-4.3047633
-3.1353967,-3.2699752,10.811984,15.510808,12.34029,15.986731,18.699768,12.700158,-3.8380194,-4.4651113,-5.7834926,-4.562736
-1.5888065,-6.161171,8.584047,17.451672,10.272366,18.244501,18.069775,15.536321,-2.359834,-7.1047616,-4.354129,-7.188242
0.1587824,-2.3558114,8.104248,13.544333,9.3618965,14.5320635,15.731243,12.353421,-0.9473919,-2.6708884,-3.7598143,-2.5662618
2.8865066,-5.2776055,4.903195,15.188939,6.538902,16.753874,13.672674,15.100749,2.23844,-3.5131085,-0.51927173,-3.0047002
-0.36998528,-0.19463122,9.193421,11.395018,10.412234,12.418438,15.840964,10.144141,-2.4512284,-0.6974915,-5.5726323,-1.1373162
-1.290165,-5.7831564,8.437032,16.916367,10.09418,17.786411,17.50874,15.195882,-2.0231798,-6.684254,-3.982058,-6.7491217
-0.36617798,-3.5337868,8.124339,14.95267,9.60082,15.748412,16.392271,13.703708,-1.0302494,-3.9577873,-3.671719,-3.8787894
0.5333823,-4.2764173,7.1287885,15.385902,8.648314,16.377962,15.845059,14.393159,0.09165167,-4.2128854,-2.465059,-3.8842325
-3.1882806,-1.9045894,11.174899,14.073596,12.882411,15.9847765,18.856665,11.395378,-4.3018236,-4.097477,-6.7566757,-5.174804
-4.420183,-3.9907737,11.905448,16.11086,13.494196,16.766031,19.99063,14.160643,-4.8763576,-5.656134,-6.9232616,-6.5770473
-4.581523,-3.985128,12.075826,16.166325,13.382597,16.834906,20.415752,12.902364,-5.082844,-5.476319,-7.5317473,-6.0868945
-2.8648603,-4.7748184,10.446282,16.533518,12.186581,17.279882,19.404352,13.692014,-3.9895473,-5.319505,-6.3139586,-5.9058785
-2.1087961,-6.0897446,9.241936,17.632101,10.894888,18.552046,18.702398,15.400072,-2.739738,-7.2473674,-4.755245,-7.2391667
-1.3607769,-3.8072858,8.743641,14.81006,9.271253,13.817174,16.7704,12.875267,-1.6198912,-1.3082246,-4.468761,-5.502018
-1.8461249,-2.1086597,10.017296,14.106811,11.302325,15.080723,17.122025,13.989176,-5.0636997,-6.2685637,-5.549524,-3.9338312
2.6850111,-4.8764124,5.2272243,14.822108,6.7007456,16.282194,13.971662,14.804,1.7884277,-3.4472938,-0.974159,-2.9472487
-2.613978,-3.4144223,9.544084,15.78433,11.413628,17.015743,18.612541,13.695061,-3.1867812,-5.393043,-5.578559,-5.4454756
-0.1649055,-0.12276976,8.779984,11.4076805,10.0597105,12.559753,15.610783,10.359922,-2.254244,-0.77994996,-5.4091053,-1.0809535
-3.5627422,-5.2172585,10.7833395,17.057747,12.666901,17.829327,19.790367,13.972673,-4.353065,-6.0186415,-6.366744,-6.656449
-5.154238,-2.2898793,12.879695,14.648573,14.428277,15.247838,20.82513,11.244374,-6.002152,-4.179947,-8.599874,-4.9813714
-0.2052647,-2.494848,8.453287,14.004472,9.965969,15.2510805,16.43476,13.194099,-0.8592404,-3.5211015,-3.6106403,-3.57666
-1.4618213,-1.4946766,9.818112,12.844309,10.775119,13.973319,16.969477,11.65273,-2.3564231,-2.6799955,-4.8774757,-2.933671
-2.4057324,-1.206765,10.941157,12.737122,11.810906,13.691233,17.898495,10.782024,-3.4856448,-2.6917515,-6.430407,-2.7105474
0.28792015,-2.9766235,7.708485,14.26412,9.514099,15.204524,15.923006,13.156002,-0.6543646,-3.306936,-3.6890566,-2.9896348
-1.661463,-0.95116895,10.004518,12.621577,11.315509,13.640212,16.990341,10.865468,-2.7589943,-2.262368,-5.3689556,-2.3905106
-5.135615,-2.73108,13.073031,15.325828,14.560311,15.718151,21.015293,11.494049,-5.9118457,-4.410401,-8.368856,-5.1916504
-4.805589,-3.7877998,12.437531,16.07517,13.990328,16.65628,20.734447,12.432183,-5.4841504,-5.3029823,-7.869714,-5.9754763
2.650235,-4.129778,5.3986797,14.615274,7.1046996,16.12517,14.276745,14.226376,1.3338429,-3.1693604,-1.2632341,-3.139465
-6.08979,-1.5486633,14.158036,14.264857,15.487132,14.37826,21.02394,10.103509,-6.7474904,-3.276011,-9.497919,-4.153599
2.618882,-4.853539,5.1232934,14.983788,6.464573,16.590652,13.900944,14.790424,1.8524356,-3.1015146,-1.6188335,-2.5656936
0.8958946,-1.1224189,7.3640666,12.428514,8.736272,13.378883,14.946943,11.832429,-0.6786281,-1.3260424,-3.6538284,-1.4577969
-3.2985826,-0.38942748,11.143064,12.405228,12.805396,13.379251,17.913645,10.174833,-3.9758468,-2.3406484,-6.6173496,-2.7643373
-0.0530933,-1.9039356,8.322794,13.166237,9.694109,14.179289,15.813303,11.9585,-1.3363801,-2.3124988,-4.1538186,-2.3841963
1.6007881,-2.2459297,6.669139,13.077472,8.154005,14.663829,14.348681,12.83696,0.34620276,-2.091728,-2.6046166,-2.0997515
-3.508051,-5.1048083,9.720798,16.82378,11.272735,17.72555,18.865564,14.720459,-3.8958073,-6.7945952,-5.8800488,-7.0104694
-3.936043,-1.1927265,12.15534,13.061021,13.607289,13.752954,19.136839,10.289158,-4.8600774,-2.5372846,-7.4652023,-3.2600482
-3.1635466,-0.6711279,10.701591,12.790435,12.500053,13.746241,17.705307,11.395951,-2.9708908,-3.1495454,-5.183439,-3.5143101
-3.5605562,-2.4755397,11.927313,14.336306,13.242362,15.027094,19.398792,11.37125,-4.8521285,-3.7531826,-7.252956,-4.2942724
1.3657882,-4.1028776,6.584781,14.991624,8.143672,16.180178,14.980382,14.399705,0.6647564,-3.794773,-2.1962366,-3.613977
-0.82089984,-5.577165,8.261846,16.91069,9.770512,17.702915,17.270115,15.265037,-1.848366,-6.711768,-3.9027648,-6.7332177
-2.7810183,-3.9350755,10.326424,15.873555,11.828708,16.792885,19.09084,13.301776,-3.4484549,-5.0986114,-5.8291483,-5.481215
2.46522,-4.5244126,5.2859693,14.78466,6.7451043,16.268616,13.9161215,14.445108,1.9113119,-3.190669,-1.0547928,-2.7805254
-2.292713,-0.7257506,10.736873,12.116601,11.567302,13.812957,17.719343,10.560175,-3.8369243,-1.9663477,-6.7185388,-2.1834152
-1.6912737,-3.395664,9.621548,14.830745,11.085269,15.985802,17.772354,12.654854,-2.2409222,-4.157765,-4.8159575,-4.4479156
-1.0978465,-1.1871045,9.742358,12.598405,11.002166,13.594649,16.824783,10.88373,-2.602951,-2.1498635,-5.201336,-2.4293349
0.6467163,-3.008629,7.324933,14.120354,8.815674,15.190536,15.401653,13.245927,-0.2836646,-3.0101068,-2.9740598,-2.8849397
-2.8623645,-5.446349,10.53013,17.374441,11.965208,18.224535,19.613588,14.552879,-3.8683095,-6.313611,-5.623032,-6.651975
0.68345076,-1.5641186,7.8510118,12.944918,8.991073,13.985532,15.108286,12.076573,-1.0395058,-1.6823747,-3.726066,-1.7568156
1.9126647,-4.6486125,6.0444098,14.687833,7.6686254,16.244722,14.5645895,14.235813,0.86813295,-3.4537592,-1.8605025,-3.0977142
-2.5985954,-0.54880834,12.136932,13.332235,13.346006,13.863745,19.01582,10.299698,-4.9010777,-2.4501977,-7.507496,-3.224058
0.62933177,-3.3545437,7.528066,14.552575,9.090052,15.395166,15.77809,13.384104,-0.5668658,-3.328151,-3.2852151,-3.190712
3.433045,-4.3262744,4.9270425,14.125077,5.969016,15.85087,13.035942,14.661484,2.2807689,-2.6352224,-0.715376,-2.2325804
-1.6761297,-5.8873315,8.986566,17.12189,10.403608,17.911709,18.131258,15.034335,-2.9672678,-7.0252023,-4.9623528,-7.003467
-3.4419224,-1.3569007,11.3632145,13.395711,12.887076,14.83723,18.459091,10.900745,-3.9188855,-2.8844705,-6.300451,-3.4185867
-4.2222176,-4.450485,11.825359,16.519363,13.074469,17.428112,20.176943,13.696509,-4.633298,-5.961313,-7.0219393,-6.4782605
-1.6746758,-2.9961445,10.07795,14.747369,11.579352,15.467986,18.115065,12.353593,-2.7894306,-3.8499806,-5.345885,-4.0977945
-2.7652838,-0.84667134,11.393816,13.15707,12.753018,13.663802,18.503101,10.546511,-4.7525945,-2.4454136,-7.073903,-3.0849624
-4.5071044,-3.1715078,12.478031,15.447741,14.003415,16.074059,20.623001,12.0277,-5.2676725,-4.663974,-7.573641,-5.366348
-2.1148405,-5.22921,9.548938,16.65628,11.1658,17.750875,18.781656,14.505701,-3.7236223,-6.542842,-5.720302,-6.5616627
-3.5748677,-1.6808306,11.811048,13.836837,13.16885,14.6514435,19.100391,11.166297,-4.696966,-3.2037656,-7.0851116,-4.02755
2.9447117,-5.124713,4.7043996,15.022737,6.052382,16.510649,13.486024,14.963891,2.4187753,-3.2052338,-0.5150075,-2.726005
0.40203324,-3.035889,7.641147,14.320975,9.246305,14.877539,15.729578,13.059782,-0.579282,-3.1178312,-3.4333134,-2.932662
-2.885337,-0.2909308,12.241781,12.83477,13.612515,13.628492,18.744196,10.170859,-4.7112913,-2.3203468,-7.632416,-3.586826
-4.6634083,-2.5766532,12.526811,14.533281,13.873432,15.2355,20.19368,11.081539,-5.6924133,-4.0868382,-7.849302,-4.776714
-2.9021175,-4.446655,10.735812,16.214794,12.315107,16.972591,19.003065,13.214434,-3.5121264,-5.394143,-5.7749496,-5.7091875
-1.7688993,-0.40400887,10.211479,12.213866,11.136781,13.473998,16.737785,10.790202,-2.6553013,-1.9936644,-5.272487,-2.3730915
-2.0634332,-5.912175,9.365406,17.370327,11.082069,18.04415,18.788963,14.852757,-3.0002668,-6.8739734,-5.3491597,-7.037891
-3.1820252,-5.2519226,10.754707,17.184298,12.32935,17.731945,19.657597,14.118507,-4.147827,-6.102449,-6.254189,-6.6324186
-3.7789538,-1.5876254,12.247241,13.742268,13.778271,14.564501,19.660511,10.768163,-4.7700047,-3.25285,-7.6448245,-3.8479621
-2.1085207,-0.44411442,10.620856,12.234542,11.706602,13.32545,17.319145,10.661943,-2.8878953,-2.1484637,-5.690856,-2.488296
0.5610912,-4.161171,7.225404,15.306069,8.617386,16.343807,15.75993,14.391395,0.3051036,-4.031857,-2.5577614,-3.9509146
-2.436544,-0.9037251,10.823946,13.025315,12.145323,14.115313,17.933414,11.108392,-3.78269,-2.743843,-6.1090465,-3.213562
-2.2557733,-2.083483,10.332501,13.636535,11.981731,14.447843,16.580292,10.609899,-2.5922205,-1.4217316,-5.532923,-1.964803
-3.8197267,-4.7393928,11.19463,16.48008,12.887704,17.304314,19.726812,13.718905,-4.6170835,-5.8852353,-6.434782,-6.306771
-2.3544147,-5.5369534,9.954493,17.303102,11.443423,17.854748,19.173162,14.453173,-3.5945287,-6.485801,-5.6681795,-6.8525095
-4.677483,-1.2599351,12.84389,13.299121,14.1970625,13.806206,19.608013,9.929008,-5.5776486,-2.5308883,-8.205436,-3.3698347
-3.069853,-1.9586428,11.291377,15.1276,13.598791,15.990142,20.01102,12.121515,-4.747611,-4.3512874,-6.8508286,-4.839716
1.9265567,-1.7562742,6.658896,12.45195,7.868482,13.723284,14.099956,11.849046,0.12517539,-1.1338848,-2.9835227,-0.9138891
-2.4669845,-5.574212,9.792132,17.111298,11.626419,17.92356,19.320145,14.656238,-3.3774977,-6.5470743,-5.4838653,-6.774467
-2.975609,-4.947219,10.281729,17.008974,12.088473,17.621435,19.563192,14.167183,-4.006913,-5.8823028,-6.211615,-6.3921037
-0.8497982,-2.6048894,9.574309,13.432804,11.180309,14.557836,16.960947,11.756801,-2.5492444,-2.9248662,-5.5877323,-2.977394
-4.09601,-1.3869468,11.965289,13.941855,13.374378,14.155713,19.346462,10.686514,-4.7656417,-3.422689,-7.2841587,-3.7174392
-3.2943377,0.2722789,11.8585005,11.870686,12.90362,12.554993,18.12816,9.416713,-4.1720924,-1.7372097,-6.9860277,-2.173061
-0.6525503,-1.6707073,9.188754,13.255612,10.209464,14.232857,16.440771,11.925641,-2.0614579,-2.4366703,-4.503005,-2.7625332
-2.3552182,-2.677423,10.360814,14.311013,11.887265,15.324678,18.48382,11.948244,-3.540654,-3.7856498,-6.3221965,-4.242516
2.5915387,-4.8209643,5.457062,14.919918,7.229811,16.321138,14.106254,14.766136,1.5812287,-3.4153593,-1.3428348,-3.1374738
2.4765127,-4.1396856,5.5146785,14.519569,6.905589,15.80544,13.921143,14.144061,1.6546979,-2.7326765,-1.2965342,-2.2486327
1.2554523,-3.4969926,6.876041,14.380763,8.25058,15.436361,15.1738615,13.936134,0.34020203,-3.417152,-2.4962618,-3.1100984
2.9533823,-3.8631847,5.105464,13.829825,6.450581,15.3867655,13.139714,14.038879,1.8755275,-2.2716653,-1.1134607,-1.8541969
2.5843952,-3.762198,5.415719,13.856339,6.73786,15.669902,13.454426,13.839222,1.8541204,-2.4274936,-1.3525898,-2.1064258
-2.1903203,-3.6819787,9.96929,15.223405,11.534747,16.101322,18.401676,12.979086,-2.4887152,-4.6772847,-5.1386533,-5.0037193
-4.723479,-0.88902175,12.939494,12.973125,14.207111,13.624606,19.533997,9.655575,-5.5064044,-2.234158,-8.301057,-2.941217
-1.9099826,-0.19292237,10.580844,11.639248,11.872452,12.96376,17.411085,9.660602,-3.6594672,-1.3161482,-6.6659803,-1.799701
-1.6965191,-5.463161,9.2654705,16.792282,10.829208,17.80122,18.344765,14.722334,-3.596958,-6.827107,-5.498285,-6.787743
-4.727215,-3.8016007,12.2725525,16.201147,13.759504,16.565887,20.62507,12.711471,-5.4232087,-5.3562512,-7.6642666,-6.057961
-1.0876205,-5.1477547,8.526962,16.546072,10.130079,17.367218,17.333311,14.906178,-1.9840952,-6.109662,-3.949665,-6.059674
0.57099557,-2.4888139,7.6147623,13.420026,8.83471,14.753097,15.526179,12.516264,-0.40642428,-2.7068655,-3.1629717,-2.7132754
0.020018544,-3.431574,8.219157,14.699856,9.627542,15.634748,16.160439,13.310186,-0.8072878,-3.6139789,-3.4689753,-3.4563446
1.1595364,-2.4388995,7.1802,13.485062,8.352499,14.287781,14.787713,12.608659,-0.2936224,-1.7972146,-3.3606124,-1.7549752
-5.1413713,-1.3592682,13.375344,13.79677,14.716948,14.322813,20.424574,10.251236,-6.0104823,-2.8906412,-8.513309,-3.6799376
-0.94512945,-2.3911583,9.029271,14.081338,10.217069,15.052908,16.696964,12.854599,-1.511669,-3.6590192,-4.112814,-3.855832
-1.4144984,-1.5695747,9.880416,13.294628,11.097348,14.1954155,17.229815,11.450564,-2.3044124,-2.7957606,-5.090352,-3.1500387
1.0965167,-4.614952,6.5308275,15.445297,8.049349,16.627453,15.157321,14.804886,0.75170827,-4.0853915,-2.0273457,-3.9174356
-2.988959,-4.9875417,10.77928,16.82167,12.351068,17.405844,19.5806,13.959187,-3.7044244,-5.917362,-6.190134,-6.413445
-1.9237063,-5.4024744,9.236475,16.716349,10.937315,17.788498,18.562035,14.680493,-3.5146186,-6.638288,-5.4758353,-6.943108
1.5541393,-2.4671855,6.688551,13.451442,8.170057,14.758376,14.634605,13.077238,0.25265685,-2.3395507,-2.5626411,-2.5487897
-2.650974,-0.6584076,10.946356,12.528579,12.550313,13.537262,17.949913,10.269619,-4.0046506,-2.0964372,-6.5888247,-2.9504418
-0.39467975,-3.3232048,8.22588,14.364458,9.92008,15.243827,16.42955,13.076169,-1.1346079,-3.4124904,-4.07968,-3.2788622
-4.2714076,-3.656187,11.6589155,15.882131,13.329959,16.341587,19.917442,12.474857,-4.9324646,-5.177143,-7.138963,-5.4074845
-3.7403047,-4.2756414,11.366096,16.232983,12.780277,16.92538,19.696741,13.260118,-4.674319,-5.4099035,-6.750838,-5.9448986
-0.4991603,-1.3002365,9.181298,12.334879,10.456278,13.549782,16.154377,11.068926,-2.1539278,-1.6834292,-4.900458,-1.9983171
-2.0633256,-2.3700635,10.236594,13.943914,11.636455,14.850304,17.978231,12.028435,-3.2981255,-3.6349344,-5.8706055,-4.051976
3.3403761,-4.115986,4.5250545,14.213522,6.048981,15.943259,13.101928,14.528147,2.0178623,-3.0216944,-0.74011934,-2.2964876
-0.6273059,-1.7186464,8.893464,13.202888,10.332903,14.202992,16.390547,11.579518,-1.7173419,-2.5790038,-4.505618,-2.7226007
-3.392625,-3.8837674,11.191281,15.345491,12.270792,16.352133,19.1217,13.055514,-4.200169,-5.000564,-6.029281,-5.794625
-3.7622042,-0.83215845,11.882662,12.929909,13.346322,13.858628,18.869621,10.333856,-4.5957813,-3.0310278,-7.135953,-3.4681878
-2.3890948,-5.199567,10.587754,17.09746,11.8963785,17.945131,19.539455,14.287188,-3.1216817,-6.425221,-5.9191694,-6.7243447
3.3834093,-4.3491893,4.6675634,14.518179,6.350053,16.447973,13.329577,14.924041,2.1008859,-3.0869207,-0.5330037,-2.8748918
-4.7183743,-1.6533259,11.965552,14.064254,13.812666,14.453119,19.570274,11.013268,-4.853414,-3.4888535,-7.380055,-4.1018023
2.504041,-4.545103,5.2282214,14.7903185,6.8467026,16.549461,13.827482,14.813862,1.9218296,-3.4836848,-0.9538421,-2.9559555
-1.3416202,-4.976163,8.8886595,16.29236,10.506313,17.24393,17.698996,14.460111,-2.136106,-6.006059,-4.127419,-6.164076
-1.8489194,-6.061252,9.05615,17.470636,10.588485,18.364084,18.197205,15.290755,-2.9591136,-7.2524,-5.0562186,-7.3704944
-4.3155355,-3.054504,12.219251,15.138589,13.625395,16.0276,20.151215,11.830901,-4.8134766,-4.3158913,-7.3550873,-5.182583
-3.6464548,-2.6840975,11.488926,14.351469,13.068172,15.103496,19.12714,11.455114,-4.5405445,-3.8445394,-7.0471606,-4.270531
-2.8443024,-0.99263984,10.392598,13.426021,11.922538,14.331564,17.71945,11.615194,-3.0910811,-3.0663908,-5.772123,-3.427657
-1.6421572,-5.5571136,9.145557,17.056044,10.79698,17.903946,18.362568,15.029836,-2.7880244,-6.8159437,-4.8056927,-7.0352283
-4.852335,-2.3013127,12.743899,14.6082735,13.956373,15.139959,20.259485,10.984018,-5.545589,-3.7098172,-8.203301,-4.6171236
0.744503,-1.4527178,7.937988,12.896144,8.876789,13.845683,14.905404,12.328387,-0.8528564,-2.0006757,-3.8310444,-2.1011646
-0.44063222,-0.41368294,8.845178,15.865501,10.725222,17.126894,18.06523,14.5476055,-3.3351142,-6.2666373,-5.137285,-6.543642
-5.9617343,-1.7416068,14.066126,14.392815,15.521762,14.467289,21.194996,10.206102,-6.716177,-3.3877525,-9.473047,-4.2897577
-5.1481805,-1.2490933,13.273019,13.561612,14.617132,14.190643,20.25979,10.167697,-5.7923317,-2.8170393,-8.569109,-3.5149999
-5.0341487,-4.937314,12.34001,17.2788,13.748687,17.840874,20.892176,13.705361,-1.7498603,-5.2688484,-3.6220882,-5.374836
-3.9279618,-2.77891,11.771897,14.75469,13.515968,15.583802,19.89719,11.66271,-4.7815723,-4.0927973,-6.963108,-4.7203813
3.3693423,-4.7081017,4.836632,14.746264,6.218796,16.259775,12.982444,14.605651,2.3150501,-2.871915,-0.522284,-2.5567045
0.724804,-1.9562067,7.670565,13.401836,8.870909,13.99074,15.229317,12.376823,-0.6758432,-2.176148,-3.8835926,-2.2413814
-2.5880895,-2.7742512,10.490977,14.497905,12.251313,15.213136,18.364664,11.9020605,-3.5411127,-3.846455,-5.9264417,-4.40468
-3.5007114,-4.543556,11.072098,16.375502,12.422673,16.875212,18.931501,13.392184,-3.6624508,-5.312173,-5.669645,-5.5487194
-1.7107422,-1.2668414,10.438335,13.001165,11.729804,13.987701,17.446354,11.270061,-3.0711148,-2.3903155,-5.918729,-2.7477
-3.3773828,-1.1517105,11.604144,13.1308775,12.973526,13.954567,18.702778,10.653067,-3.9835017,-3.095152,-6.9497437,-3.7397983
-2.2618072,-3.3426435,10.094678,15.086184,11.871675,15.72459,18.526548,12.696752,-2.8905225,-4.5406475,-5.6114817,-4.9473276
-3.46547,0.2699784,12.233794,11.997206,13.341103,12.6937275,18.446941,9.360721,-4.778577,-1.9930195,-7.453181,-2.6354425
3.3923645,-4.4459953,4.7282863,14.112401,6.109195,15.737628,13.025677,14.300211,2.1558495,-2.5145645,-0.5751668,-2.1021419
0.5445865,-3.6958313,7.52478,14.644664,9.42095,16.290817,16.510307,13.908649,-1.0169309,-4.482115,-3.4955316,-4.651245
-6.3495865,-1.0276173,14.3192835,13.699414,15.434619,13.695858,20.833282,9.479443,-6.6777244,-2.6078143,-9.296605,-3.4040022
-2.6854136,-3.8293483,10.83189,16.319407,12.362661,17.109556,19.40263,13.399205,-3.71524,-5.8351455,-5.9022884,-6.0934525
-2.9767666,-1.8142885,11.276728,13.624503,12.352134,14.814636,18.443491,11.212534,-4.001706,-3.313574,-6.7664037,-4.1001287
-2.1538296,-3.0667422,10.087136,14.524535,11.7346525,15.701592,18.386618,12.22086,-3.0090046,-4.0505133,-5.1895328,-4.339779
-4.9239755,-3.2712288,12.834328,15.493953,14.393502,16.088318,20.913147,11.961141,-5.6752853,-4.818393,-8.057605,-5.5086436
-4.925983,-3.0310254,12.766282,15.180046,14.275148,15.7010765,20.42255,11.438271,-5.65667,-4.2342987,-7.986093,-5.1110134
-2.6323864,-2.3843756,10.7165365,14.026597,12.229247,14.841606,18.383425,11.479426,-3.7247906,-3.4271574,-6.069469,-4.0101514
-2.3195155,-1.5097591,10.824677,13.19343,12.475033,14.311918,18.33682,10.895614,-4.402428,-2.8259714,-7.0633883,-3.4675157
-5.4439664,-1.9671675,13.33518,14.4874525,14.810211,15.03567,20.819008,10.817859,-5.827386,-3.6368003,-8.578536,-4.231781
-3.0503821,-2.4935684,11.307163,14.465987,12.789235,14.955729,18.802664,11.684569,-4.237059,-3.6840599,-6.7172127,-4.13898
0.5348738,-4.4273014,7.1325426,15.49526,8.728302,16.520714,15.785166,14.599559,0.22572872,-4.3385367,-2.2818115,-4.1688933
-2.1277616,-1.2576684,9.736025,12.468741,12.280977,14.227695,18.127638,11.288042,-3.887336,-3.041543,-6.274517,-3.8035214
-3.3319683,-5.6466293,10.779139,17.41803,12.442091,17.994541,19.833647,14.312937,-4.255774,-6.3147907,-6.452676,-6.539724
0.1954433,-4.8528314,7.3063765,15.869404,9.014769,17.020077,16.28145,14.816404,-0.003761687,-4.6499057,-2.6888173,-4.6412063
1.0864327,-2.686695,7.190027,13.750583,8.645526,14.807015,15.1911335,13.080188,-0.23569559,-2.8215256,-3.1006687,-2.5830157
-1.6130328,-0.11214699,10.168665,11.599838,11.54392,12.650824,16.941883,9.827774,-3.7614143,-1.1559346,-6.9885287,-1.7921938
0.49416688,-1.9805945,7.917852,13.066244,9.04115,14.1937685,15.46957,12.112426,-0.89029986,-2.364318,-3.555731,-2.1777766
-2.0771716,-4.7754793,9.795158,16.447594,11.372719,17.083918,18.571285,14.05434,-2.7065458,-5.472944,-4.7884316,-5.799375
-0.3879406,-1.563281,8.938825,12.879812,10.0554695,13.949304,16.243423,11.507506,-1.6522528,-2.197672,-4.405159,-2.3378708
0.69863963,-1.8741212,7.960714,12.776638,9.000544,13.768591,15.071455,12.035484,-0.971489,-1.652892,-3.9291463,-1.6251713
-2.7547698,-3.079731,10.913728,15.147304,12.177423,15.599623,18.687742,12.237489,-3.654971,-4.1141257,-5.8501887,-4.4724255
-1.6041352,-2.22062,9.389041,14.254694,10.674818,15.254649,16.645273,14.162591,-5.228516,-6.34554,-5.033945,-3.7471824
3.2760477,-4.2752614,4.580407,14.700209,6.6414356,16.461569,13.625869,14.841123,1.9672744,-3.2124903,-0.87538016,-3.186903
-3.2940073,-3.460302,10.982398,15.946593,12.511718,16.839254,19.315783,13.425676,-3.9383245,-5.1615586,-6.156724,-5.7945166
-2.534309,-4.0090833,9.988461,16.337252,11.805953,17.225037,18.882883,13.88132,-2.9571402,-5.478935,-5.0818324,-5.9448543
-4.125147,-3.9488409,11.945782,15.760168,13.496167,16.42945,20.05433,12.692821,-4.8588047,-5.310499,-7.3359804,-5.875456
1.6575731,-3.492862,6.435091,14.335369,7.6325603,15.664553,14.945382,14.017408,0.7461663,-3.16244,-2.1159399,-3.0365589
2.791653,-5.1913695,4.753199,15.257893,6.2912602,16.820326,13.636478,15.2295475,2.3390098,-3.4673207,-0.64688814,-2.8423707
-3.2801595,-5.0189915,10.565352,16.943983,12.3531885,17.691307,19.554375,13.882607,-4.2091255,-6.124968,-6.246142,-6.444602
-6.235759,-1.7164583,14.357484,14.392308,15.655218,14.435843,21.433615,9.944402,-6.9034553,-3.3840487,-9.758103,-4.1095824
1.6921154,-5.112847,6.0008764,15.580248,7.6206446,16.853567,14.820582,14.963443,1.3524439,-4.087122,-1.4462231,-3.769219
-3.1660423,-0.46239632,11.382833,12.766748,12.6258955,13.606082,18.06578,10.653428,-3.7120457,-2.4731455,-6.5256634,-2.9926472
-2.9091995,-0.28688362,11.898441,12.40162,12.919256,13.437986,18.018053,9.875062,-4.3555956,-2.1585765,-7.0059237,-2.6472826
-2.1370068,-2.681136,10.567369,14.259427,12.218771,15.183225,19.027145,12.055384,-3.586318,-3.8761086,-6.3260055,-4.1042466
-3.4731028,-0.42336538,11.297297,12.681128,12.738972,13.617497,18.23656,10.1706505,-4.0009,-2.3696783,-6.5486164,-2.8536687
2.7227488,-4.405473,5.1104975,14.531114,6.68782,16.01253,13.573427,14.425875,1.6374428,-3.076491,-0.82557416,-2.343862
-0.8761235,-1.9311216,9.732205,13.674015,10.320691,16.757324,17.943918,14.214198,-3.3287857,-6.1422434,-5.56554,-6.3046875
2.8900874,-3.6035337,5.2908916,13.658271,6.6501293,15.224928,13.567432,13.576026,1.5009844,-2.2636075,-1.5856631,-2.03527
-5.1816535,-4.8396726,12.608876,17.167912,13.9947,17.709902,20.928759,13.588228,-1.6640173,-5.204513,-3.8164582,-5.686321
2.1590567,-1.6802438,6.510851,12.361034,7.593069,13.577719,13.780073,11.914571,0.27233264,-0.9652894,-2.8369174,-0.9028592
-1.1430161,-3.1846645,8.978747,14.816034,10.692577,15.92647,17.474316,13.494238,-1.9907904,-4.4374995,-4.213756,-4.7521977
2.320013,-4.534121,5.3208694,14.942789,7.1708555,16.486992,14.203697,14.694565,1.4622828,-3.6535478,-1.0403637,-3.1670938
-4.784753,-1.2358671,12.865579,13.326865,13.983509,13.93489,19.666454,9.994486,-5.5381927,-2.6041472,-8.183084,-3.4562743
-2.297804,-0.27366027,11.067456,11.813437,12.05526,12.776195,17.740961,9.82216,-3.9517667,-1.3974949,-6.887796,-2.0148313
-2.1338718,-6.721034,9.209872,18.220503,10.824444,19.009523,18.652603,15.9853,-2.817727,-7.8267097,-4.818802,-7.8366323
0.05466189,-3.335747,7.8641443,14.654099,9.3884,15.6305685,16.008448,13.332493,-0.75201523,-3.693708,-3.4752004,-3.4668226
-0.881301,-4.2878885,8.513073,15.267321,10.220319,16.647705,17.59375,14.300089,-2.9373233,-6.1220603,-5.131208,-6.3154182
-1.9529871,-3.8605394,9.863678,15.470487,11.433612,16.522114,18.480164,13.391016,-2.326,-4.983559,-4.7533245,-5.221989
0.32704479,-1.9169545,7.9616666,13.307521,9.199374,14.321779,15.531691,12.297029,-0.8525779,-2.410891,-3.6297321,-2.4439094
-1.1116786,-2.5064225,9.227317,13.945323,10.688056,15.173354,16.932377,12.548684,-2.2025676,-3.6757278,-4.68422,-3.8037424
-0.9728775,-0.23073393,9.662521,11.723654,10.753506,12.7864065,16.415995,10.154688,-2.9953403,-1.1408193,-6.1108093,-1.5351319
-6.58534,-1.364777,14.741999,13.945962,15.791124,13.840844,21.221249,9.528158,-7.1406546,-2.9365115,-9.871466,-3.5576332
2.121209,-5.2805333,5.4385076,15.629406,7.2258377,17.151497,14.400469,15.281659,1.8447856,-4.1730156,-0.9480067,-3.7521465
2.9338834,-4.0443945,5.275798,14.199262,6.5904217,15.521611,13.674921,14.064659,1.6526139,-2.6969666,-1.4950551,-2.6007879
-4.002724,-3.7704582,11.800964,15.9515705,13.383092,16.517012,19.51486,11.655607,-4.9713035,-5.0544853,-6.939505,-5.153418
-1.8315024,-3.4642754,9.746058,15.099738,11.290194,16.101013,18.013878,13.010522,-2.1355424,-4.529413,-4.8386674,-4.77735
-4.361805,-2.037308,12.548263,14.374758,13.897855,15.021629,19.910301,11.305726,-5.319428,-3.7451277,-7.727792,-4.4277263
-3.013922,-3.156199,11.221918,15.165079,12.850146,15.727453,19.580694,12.217943,-4.270553,-4.3733745,-6.193477,-4.7927103
1.3726602,-3.414559,6.8133364,14.616804,8.245972,15.54763,15.10005,13.930379,0.48276892,-3.3608398,-2.4548635,-3.2999249
-4.4791293,-2.186669,12.593956,14.715929,14.514212,15.369121,20.78398,10.798856,-5.9449625,-3.4927723,-8.155696,-3.9469476
-4.164728,-1.5104054,12.630945,14.075418,14.089686,14.558016,19.858656,10.729563,-5.4379706,-3.417523,-7.9720645,-3.89599
-5.536023,-5.148776,12.760938,17.523136,14.223572,18.308247,21.426777,13.701408,-0.890848,-5.4536934,-2.9358408,-5.7920566
-1.4263152,-2.5658038,9.580387,14.413273,10.839252,15.270098,17.48686,12.631346,-2.217741,-3.820763,-4.3968015,-4.45257
2.022434,-4.929684,5.7680964,15.127404,7.1835766,16.227346,14.347603,14.836103,1.371109,-3.568105,-1.3105351,-3.163284
-0.29181933,-3.115309,8.233124,14.267249,9.476776,15.38345,16.053791,12.956736,-0.9840632,-3.2656481,-3.5327098,-3.4268565
-3.0979335,-4.6577578,10.669172,16.670296,12.432841,17.455748,19.664934,13.62624,-3.858849,-5.6687016,-6.200403,-6.002117
-1.2117394,-1.1119821,9.486927,13.044991,10.799173,13.891166,16.766705,11.242802,-2.3313727,-2.3717864,-5.135784,-2.6447694
-3.9158561,-2.2035956,12.108836,14.082052,13.429524,15.02547,19.42749,11.142275,-4.963326,-3.7190704,-7.3618436,-4.1864753
-2.3171878,-4.8166537,9.836453,16.252958,11.54155,17.42517,18.73241,14.232302,-2.53203,-5.7702503,-4.7502003,-6.0783343
-3.865248,-2.9949179,11.986395,15.175311,13.226705,15.876231,19.869366,12.142768,-4.8206167,-3.9913468,-7.325628,-4.7993
-4.085679,-0.8047267,12.477734,12.793253,13.650861,13.598468,19.042503,9.959564,-5.120467,-2.2733095,-7.910868,-2.9415781
-2.4845765,-5.848503,9.6501665,17.290373,11.491984,18.335238,19.154177,15.037966,-3.4034817,-6.9195933,-5.25837,-7.0855727
-3.0949712,-1.3700777,11.927126,13.245495,12.991631,14.026925,18.512934,10.569241,-4.250511,-2.5128303,-7.0244665,-3.1904213
-2.7016985,-5.808817,10.011254,17.460348,11.721636,18.56236,19.372232,14.989056,-3.4639523,-6.867134,-5.6025186,-7.283195
-3.1305735,-0.511636,10.858826,12.855605,11.9797735,13.958586,17.937405,11.022417,-3.2500648,-2.5520768,-5.9359994,-3.0714574
-0.02821159,-2.859186,7.8985224,13.837945,9.214237,15.019255,15.740346,12.839618,-0.6538221,-2.9441764,-3.431208,-3.2208626
-2.7199235,-5.4048963,10.136282,17.005825,11.75903,18.162354,19.23183,14.545068,-3.1294866,-6.1653066,-5.142664,-6.572275
-0.66140604,-1.1162415,9.215586,12.492589,10.444594,13.5811405,16.43381,11.166204,-2.057082,-1.845013,-4.9050875,-1.958378
-4.868973,-1.8674742,12.875781,14.217874,14.313543,14.840227,20.38387,11.06488,-5.7623787,-3.7302175,-8.227345,-4.2630024
-3.5991926,-2.663985,11.935478,14.752639,13.582347,15.223183,19.505947,11.390993,-4.966972,-3.8773642,-7.391107,-4.5549707
0.013169388,-2.8438478,8.345409,13.854707,9.477938,15.15965,15.910616,12.717152,-0.96759665,-2.9373367,-3.8721588,-3.3886092
-0.25301072,-1.5359405,8.76261,13.468267,10.166474,14.60567,16.869413,12.089481,-1.7414337,-2.8460042,-4.442998,-3.4107795
-6.5450883,-1.0182647,14.696729,13.776884,15.696296,13.74758,21.03526,9.3169365,-7.159706,-2.908786,-9.706963,-3.5445228
-1.1269577,-1.5343152,9.078279,12.731168,10.331879,14.010858,17.098194,11.462484,-2.4148333,-2.7710915,-5.138848,-2.661171
-4.0543313,-2.943419,11.821242,14.793075,13.337518,15.278357,19.586456,11.679526,-4.4124975,-3.882503,-7.387158,-4.6925354
-1.0953246,-3.2710338,9.327144,14.799162,10.717614,15.974949,17.499622,13.00693,-1.8342024,-4.317045,-4.157689,-4.6568375
0.08193538,-3.9055176,7.7019877,15.107223,9.226085,16.100716,16.091995,13.945176,-0.47459635,-4.0530324,-3.0170808,-4.1074514
-4.010473,-2.0932038,11.847816,14.427471,13.362864,15.605878,19.363352,11.51305,-5.3025084,-3.9648082,-7.6310053,-4.581907
3.2407362,-4.078371,4.9439774,14.460398,6.571111,16.142654,13.715806,14.499111,1.4915384,-3.0734797,-1.1231506,-2.798525
0.62620276,-4.4160495,6.992501,15.564947,8.641201,16.574474,15.817681,14.674235,0.36964747,-4.430186,-2.2680912,-4.1042676
3.0639663,-3.8570616,5.262614,14.20179,6.6288104,15.617087,13.901517,14.099394,1.4874431,-3.0039756,-1.3568498,-2.649613
-2.4417355,-5.398229,9.907471,17.023502,11.548882,18.012781,18.621088,14.796873,-3.044351,-6.6794963,-5.1979556,-6.887983
2.0261145,-4.784526,5.519316,15.17518,7.0792017,16.710415,14.325123,14.96271,1.4440184,-3.8310978,-1.3043191,-3.3346837
-1.7946336,-0.51152945,10.615442,11.979491,11.881363,13.014851,17.936905,10.390915,-3.952744,-1.8081036,-6.4994297,-2.1385007
-1.5893928,-5.359418,9.030455,16.813433,10.928482,17.556799,18.186132,14.715869,-2.541217,-6.5083203,-4.6995807,-6.6585283
-0.11720469,-4.03045,7.8040495,15.2628765,9.306113,16.221601,16.183266,14.021387,-0.42814705,-4.1042576,-3.0068352,-4.069833
1.4336263,-2.5198545,6.9727497,13.538297,8.241191,14.4645195,14.640957,12.764747,0.037627123,-2.1383953,-2.870387,-2.2824306
-1.5206082,-1.4660033,9.418932,13.264139,10.889957,14.170597,16.915726,11.626414,-2.2620249,-2.6368868,-4.9165783,-3.1468873
-1.9588449,-4.368257,9.626151,15.96767,11.348193,17.065598,18.357853,13.796461,-2.4708076,-5.2430882,-4.458252,-5.605854
-2.2929447,-4.122333,9.867529,15.808218,11.336882,16.4905,18.17859,13.598646,-2.9378304,-5.0667872,-4.7269144,-5.038285
3.0473177,-3.781384,4.9872575,13.831122,6.251729,15.490971,13.152794,14.073674,1.9930117,-2.3064284,-1.0266752,-2.0138187
1.2791294,-3.9801095,6.579185,14.727454,7.8758945,16.003107,14.541231,14.332036,0.57987404,-3.5531678,-2.2575266,-3.0574641
0.48609027,-2.2896893,7.9031487,13.547109,9.279007,14.527186,15.761192,12.683563,-0.63766,-2.7609,-3.5025952,-2.5662434
-5.092739,-2.1848354,13.1158905,14.840528,14.668231,15.431105,20.936722,11.282774,-6.035434,-4.2049985,-8.32541,-4.935922
2.5091727,-4.6412888,5.331522,14.955182,6.5097637,16.559755,13.864101,14.459781,1.6367964,-3.2262633,-1.2531075,-3.026524
-0.06090764,-2.6361501,7.888929,14.175165,9.588847,14.634281,15.762043,12.899581,-0.6704892,-3.1464245,-3.8619602,-2.9931018
-3.3659236,-2.8228211,11.136021,14.845062,12.746726,15.841017,18.799564,12.21666,-3.5068653,-4.1487174,-6.0313687,-4.708151
-5.2776265,-4.8424416,12.670354,17.20651,14.221686,18.024958,21.247066,13.478857,-1.4045618,-5.360564,-3.5305138,-5.7035813
-3.0099716,-0.75206405,11.015416,12.981804,12.388827,13.74763,17.706709,10.883239,-3.1945093,-2.660762,-5.876257,-2.887166
-2.0558364,-6.5053515,9.22827,18.000061,10.6964035,18.8599,18.57877,15.779248,-2.989584,-7.5197897,-4.796088,-7.765675
1.6214697,-5.2406726,9.367057,17.892338,11.333147,18.753479,18.91229,15.381796,-3.3793235,-7.3818398,-5.3772798,-7.6204615
3.0364516,-3.9022136,5.243052,14.681392,7.190722,16.09296,13.905692,14.60632,1.5027927,-3.210746,-1.411429,-2.5908856
-5.1407213,-1.9511921,13.207114,14.476395,14.726405,15.021619,20.694723,10.788236,-5.8790784,-3.5943313,-8.513583,-4.521815
-4.299562,-3.0001628,12.385959,15.030434,13.957864,15.772144,20.400164,11.73775,-5.3595924,-4.5159216,-7.748732,-5.2396226
2.0152512,-4.360387,5.7211323,14.800902,7.171474,16.3535,14.110144,14.671657,1.4635961,-3.3438947,-1.4222476,-3.067997
2.5128956,-3.921048,5.269947,14.456698,6.4988475,15.743419,13.805944,14.141067,1.5181653,-2.8278968,-1.4964197,-2.577296
-4.6454573,-2.7634683,12.345704,14.855005,14.001532,15.426443,20.031694,11.287714,-5.3892035,-3.9103968,-8.106477,-4.748024
-4.7069845,-2.7843554,12.857731,14.978348,14.070841,15.855835,20.28935,11.815076,-5.133367,-4.489722,-7.546778,-5.2905254
0.8611709,-4.483218,6.647557,15.367809,8.416313,16.567173,15.339282,14.624351,0.584751,-4.2297173,-2.0152266,-3.8583326
-1.2011018,-1.7490823,9.397433,13.49702,10.7860775,14.417684,16.984196,12.055397,-1.8653642,-3.0613782,-4.762409,-3.5509584
-1.1889582,-2.4124382,9.086683,13.983155,10.566302,14.825053,17.066605,12.53096,-1.8607087,-3.6265488,-4.5288444,-3.8333943
0.42512155,-4.344828,7.309048,15.429458,8.824449,16.48908,15.951692,14.398987,-0.08477547,-4.3746433,-2.54327,-4.2607274
-2.2126684,-3.9463706,10.062823,15.594684,11.736545,16.496517,18.778713,13.262935,-2.6123047,-4.9523287,-4.878667,-5.339718
-4.689692,-3.1001885,12.765054,15.304528,14.170282,16.007261,20.751951,11.806581,-5.3843255,-4.3295765,-7.9717407,-5.249738
-2.819175,-4.5240793,10.425064,16.442295,12.131315,17.000145,19.398928,13.758506,-3.6051893,-5.6912055,-5.8091025,-5.9771624
-2.4086084,-3.6087606,10.13311,15.762183,12.00341,16.144497,18.323544,12.956187,-2.846632,-4.667962,-4.999906,-4.837992
-0.24009104,-2.3654547,8.426944,13.73343,9.846537,14.788422,16.155743,12.426129,-1.3761965,-3.1091478,-4.082205,-3.4146395
0.30642822,-4.679688,7.185205,15.649889,8.861728,16.814798,15.930007,14.836292,0.13087693,-4.571507,-2.3804903,-4.3842955
-3.4343317,-4.003987,11.142572,15.957283,12.579823,16.585716,19.589077,12.726007,-3.8659656,-4.9842606,-6.414791,-5.4734116
-3.7731266,-0.89497423,10.997752,13.392746,12.844907,14.298132,18.939278,10.461211,-3.7503495,-2.988714,-6.95422,-3.244479
-3.8930054,-3.602585,11.933773,15.56492,13.182191,16.312092,20.142927,12.488962,-4.7971754,-4.733009,-7.1928554,-5.4104395
-4.7160125,-0.98653555,12.887642,12.940641,14.166575,13.608731,19.503235,9.763713,-5.433563,-2.3533702,-8.244923,-3.374378
1.1834574,-1.4192928,7.6078143,12.595631,8.788943,13.58243,14.767995,11.986247,-0.83801425,-1.5221167,-3.7105892,-1.5973842
-4.2634892,-3.911618,11.996525,16.000795,13.37076,16.79338,20.413015,12.917155,-4.330865,-4.777329,-6.5141354,-5.4906807
-4.391645,-3.445406,12.448638,15.6632395,13.762116,16.263977,20.461851,12.200119,-5.2434435,-4.73154,-7.8058047,-5.2504544
-2.6455452,-3.326914,10.24915,14.986847,12.088877,15.880493,18.328163,12.610019,-3.190688,-4.2944355,-5.4358563,-4.6105685
-5.3858824,-4.8261857,12.760579,17.390366,14.196693,18.025251,21.171562,13.563865,-1.267577,-5.3471565,-3.4840133,-5.7883925
1.1540972,-2.9500852,6.8808103,13.919114,8.290231,15.047826,14.775979,13.404487,0.4150264,-2.9254885,-2.4410932,-2.835725
-1.7804741,-4.549432,9.902356,15.929172,12.100048,16.661043,18.238348,13.509912,-2.7806673,-5.193656,-4.404146,-5.1863065
-3.5516965,-0.17399597,11.274271,12.4489975,12.41126,13.35741,17.729408,10.56695,-3.2101002,-2.2652476,-6.1785445,-2.5214963
-4.3703194,-2.7947714,12.523299,15.08549,14.23393,15.8970995,20.591143,11.682758,-5.4854693,-4.427896,-8.091881,-5.191634
-0.90165555,-2.6526515,9.110372,14.206568,10.409309,15.287839,17.216677,12.653849,-1.9299834,-3.9551876,-4.159388,-4.2057495
-2.0137546,-4.3433614,9.511698,15.795009,11.253692,16.885242,18.145454,13.82633,-2.5053515,-5.251913,-4.6200104,-5.52396
1.9834706,-4.4874907,5.9010587,14.802248,7.5598335,16.23562,14.654252,14.583259,1.177821,-3.7934773,-1.7123216,-3.3551397
-6.605553,-1.4195336,14.687729,14.197827,15.939409,14.039471,21.496367,9.592696,-7.3688393,-3.151297,-9.967254,-3.8127053
-4.428652,-3.348465,12.38802,15.500524,13.827827,16.400742,20.388317,12.661676,-4.7222834,-4.5930753,-7.394034,-5.3924527
-3.2941482,-0.59049326,11.33846,12.744226,13.013989,13.46491,18.673283,10.110204,-4.173504,-2.2571027,-6.9672804,-2.9056098
-3.0479841,-3.3586667,10.923574,15.029771,12.481705,16.078625,19.036331,12.444455,-3.4752672,-4.2358155,-5.9512763,-4.501432
2.388522,-3.8041015,5.868215,14.127248,7.288373,15.3959675,14.290945,13.684108,0.98047894,-2.637161,-2.0309303,-2.4726455
-4.0368724,-1.9721341,11.988262,13.779513,13.527209,14.30274,19.303173,10.668109,-4.8948145,-2.922478,-7.5088677,-3.5986216
-3.6700613,-0.8818789,10.166889,13.410335,11.484735,14.532365,16.850655,12.115107,-2.5628417,-2.9744818,-5.7299337,-2.8746111
-2.9891574,-3.4765759,10.933211,15.212151,12.177767,16.141573,19.0554,12.682394,-3.17555,-4.540056,-5.80286,-5.0741754
-1.1737461,-1.7644486,9.573994,13.61864,11.033198,14.664934,17.218414,11.971133,-2.2942011,-2.8582044,-5.0480366,-3.167293
0.13083866,-5.006674,7.3563995,16.030882,8.982389,17.082598,16.232979,14.98559,0.08781711,-4.841457,-2.488652,-4.5912886
2.612424,-4.002476,5.6941686,14.139222,7.1515436,15.49756,14.169144,13.742647,0.87718725,-2.5555441,-2.061257,-2.3868418
-1.7264628,-2.0362594,9.982288,14.016163,11.61978,15.054962,18.300432,13.068696,-3.1321447,-4.28159,-5.2165303,-4.233147
-3.178358,-0.30500853,11.862469,12.734637,12.895012,13.0377865,17.706438,10.336386,-4.0980864,-2.0288575,-6.5568814,-3.3865173
-2.972848,0.40073633,11.903649,11.843311,13.197952,12.903791,18.265608,9.337056,-4.5355086,-1.6495097,-7.5001445,-2.557893
-6.6872525,-1.4041338,14.663982,14.220518,15.815721,14.068075,21.39402,9.673871,-7.1827617,-3.2318337,-9.731411,-3.7066872
-3.055394,-0.30090106,11.271586,12.710111,12.539673,13.767929,18.15325,10.351129,-3.7609925,-2.1978118,-6.6252337,-2.488534
-3.7381537,-1.9878125,11.937786,14.196969,13.417728,15.087978,19.610352,11.659401,-4.594851,-3.7236257,-6.8107314,-4.069298
-3.9557989,-0.688594,11.504313,12.922572,13.094753,13.850604,18.703905,10.199188,-4.2184033,-2.7162867,-6.8886743,-3.2767775
-2.6865206,-0.75072867,11.078129,12.733039,13.1295185,13.321871,18.507286,10.169774,-3.9915068,-2.4322934,-6.879378,-2.8730578
-3.0745451,-0.637686,11.471849,12.87196,12.571566,13.492628,18.366844,11.121528,-4.036809,-3.0210128,-6.884463,-3.2402344
1.5284171,-3.265074,6.6361527,14.1732645,8.122626,15.5337715,14.879881,13.701659,0.3683635,-3.2688406,-2.4905968,-3.2868505
1.8930724,-1.6601626,6.916224,12.542098,10.357687,17.375603,14.153442,12.138174,0.03707214,-1.1611401,-3.0418658,-1.0740857
-1.7790301,-2.5155363,9.600309,14.186911,11.000235,15.08529,17.584187,12.387111,-2.4103317,-3.810777,-4.808631,-4.1179204
-4.2282834,-2.8510725,12.32405,15.029786,13.835121,15.750904,20.075806,11.8038845,-5.153085,-4.0500026,-7.6918545,-4.8937583
3.5929694,-4.367137,4.378873,14.450119,5.969243,16.351398,13.136116,14.652831,2.483834,-2.7545373,-0.4095554,-2.3729074
-3.1839573,-6.1524086,10.489246,17.931143,11.925391,18.78207,19.745947,15.458739,-4.225688,-7.1231084,-5.8360715,-7.6482406
-2.040469,-5.0150805,9.024767,16.291405,10.767947,17.314596,18.269377,14.354972,-3.4944956,-6.1850033,-5.5213656,-6.5046177
-4.062425,-3.2237942,11.963398,15.402704,13.249288,16.293655,19.733356,12.186294,-4.580859,-4.648773,-6.9517007,-5.2112236
-0.6589872,-0.5292032,9.255484,11.860352,10.348806,12.711399,16.033804,10.419703,-2.4929335,-1.0815336,-5.430944,-1.3481119
-3.2781425,-0.21086144,11.8867035,12.415483,13.236917,13.192991,18.445383,10.011266,-4.5517564,-2.659945,-7.434647,-3.1015801
-0.2373868,-2.2718437,8.382956,13.522883,9.789401,14.542265,16.180805,12.247309,-1.33463,-2.725283,-3.853143,-2.7075276
-3.0894325,0.48110572,11.804271,11.608576,12.880068,12.421356,17.980745,9.152356,-4.34686,-1.3446901,-7.3441625,-2.0813954
-0.7804418,0.6042916,9.7980585,10.889604,10.943395,11.938056,16.349613,9.329582,-3.4691103,-0.45693886,-6.5123186,-0.90959185
-2.0132828,-6.2514763,9.319506,17.643053,11.017516,18.39502,18.669294,15.333151,-2.8065164,-7.210905,-4.85195,-7.219317
-6.563665,-1.0524282,14.659669,13.752866,15.725572,13.725248,21.137495,9.362122,-7.12953,-2.7358758,-9.723508,-3.5106456
-5.360017,-2.4900258,13.231671,14.934448,14.725032,15.371411,20.89844,11.126436,-6.063684,-4.0986524,-8.551109,-4.9743977
-3.060152,-3.0270567,11.016016,14.974856,12.428288,15.653635,18.858324,12.427721,-3.4386675,-4.4305005,-6.12026,-4.725976
-0.13814501,-0.082827926,8.878843,11.2879505,10.118071,12.41118,15.620084,10.184986,-2.330123,-0.5377784,-5.5443025,-0.8383826
-2.918514,-4.5195966,10.483611,16.589777,12.200802,17.379759,19.48299,13.838827,-3.4487734,-5.725308,-5.762278,-5.951395
-2.1552737,0.31998864,11.119731,11.614873,12.234932,12.343603,17.618044,9.280825,-4.918408,-1.558679,-7.763545,-2.2811098
-2.953474,-1.8132826,11.412477,13.854289,12.636383,14.645591,18.666739,11.37635,-4.156145,-3.2562876,-6.672639,-3.713164
-3.099832,-4.895754,10.493966,16.951803,12.216253,17.526947,19.713505,13.909891,-3.7830484,-5.769432,-6.1301765,-6.3042483
-2.2850204,0.19652511,10.93837,11.598831,12.213698,12.625916,17.311106,9.915993,-3.1517823,-1.3120239,-6.096751,-1.8348967
-2.608357,-1.921098,11.005969,13.732589,12.403317,14.352602,18.374199,11.031048,-3.790848,-2.8571548,-6.372407,-3.4932227
-2.5938425,-2.4617155,10.722958,14.20497,12.286169,14.837655,18.563158,11.746683,-3.6713815,-3.6057098,-6.086777,-3.9696856
2.3458817,-3.817422,5.8763485,14.237835,6.977256,15.567537,13.979291,13.783807,1.04376,-2.8551416,-1.8072096,-2.595709
-0.52754927,-1.6827377,8.829686,13.027242,10.032121,13.949421,16.088764,11.882912,-1.6103152,-2.338407,-4.2460637,-2.5108457
-2.0819473,-5.023138,9.711849,16.755219,10.906259,17.384333,18.567657,14.245749,-3.386083,-6.120656,-5.654916,-6.345151
0.611081,-0.6667206,7.95549,11.864728,9.130368,12.876789,14.916513,10.971211,-1.2165633,-0.82851094,-4.1095386,-1.0521878
-0.729299,-1.2146753,9.03078,12.761649,10.360827,14.08213,16.39403,11.63255,-1.9237565,-2.2841928,-4.5331635,-2.6253061
-0.19358675,-3.1432986,8.554939,14.259738,9.839431,15.463613,16.377481,13.072698,-1.0367746,-3.5157766,-3.5014188,-3.519117
-1.3095841,-2.2081776,9.37545,13.911892,10.710698,14.919059,17.148874,12.12963,-2.1337738,-3.5147038,-4.6686816,-3.7577958
-3.614754,-2.82053,11.579913,14.998739,13.263648,15.247814,19.726093,11.82415,-4.708377,-4.1713457,-7.208285,-4.6856446
-2.731493,-5.3117294,10.421375,17.236568,12.038911,18.09658,19.557043,14.429006,-3.6334312,-6.446405,-6.0044575,-6.835299
-1.8102576,-6.592222,8.969709,17.923948,10.58614,18.737028,18.34646,15.852563,-2.6033328,-7.4950504,-4.62238,-7.716173
-2.4754195,-0.9592912,10.93494,13.200997,11.9904,13.248602,18.258461,10.890411,-3.5006483,-3.19777,-5.955989,-3.6530507
2.2764494,-4.5377736,5.561709,14.829636,6.9851327,16.345808,14.295009,14.609738,1.467616,-3.3679235,-1.6119871,-3.1540236
2.6283813,-4.3506284,5.278284,14.594374,6.6389484,16.160917,13.619609,14.428116,1.7047397,-2.957566,-1.1049697,-2.5922883
-1.4396886,-3.4324758,9.447897,14.991708,10.915794,15.890549,17.715029,12.708293,-2.1820505,-4.140576,-4.6302614,-4.534405
-0.66668487,-2.2301195,8.921596,13.499129,10.361307,14.502535,16.466724,12.070641,-1.5031117,-2.9714074,-4.23089,-3.2207897
2.5073764,-4.068817,5.4148526,14.478834,6.9580493,15.990509,14.059246,14.2681,1.422492,-3.0965466,-1.1673521,-2.4723723
0.1583921,-0.23619087,8.5619335,11.5124855,9.971561,12.44499,15.626584,10.237312,-2.3513963,-0.5456497,-5.271432,-0.90700305
-1.2688985,0.41443524,10.184428,11.100504,11.433258,12.072994,16.713865,9.33754,-3.7840796,-0.62399805,-6.964586,-1.2762777
1.8369633,-4.955779,5.779315,15.143942,7.314208,16.609617,14.35531,14.652628,1.3527741,-3.7470925,-1.5222476,-3.132699
-2.6810114,-2.189617,10.55054,14.218292,12.341759,14.742608,18.415297,11.981582,-3.4013968,-3.4504328,-5.9247904,-3.926252
-2.5153036,-2.9392421,10.477299,14.537931,11.889089,15.452403,18.227018,12.272917,-3.0719419,-3.913902,-5.448787,-4.0959954
-2.8004632,0.58816206,11.697748,11.516706,12.716466,12.262925,17.87686,9.074912,-4.4829683,-1.2751118,-7.459856,-1.9555722
-0.6038914,-0.08254952,9.4028425,11.379906,10.605567,12.468763,16.03826,10.079792,-2.6723754,-0.7245403,-5.809424,-1.134462
-2.5984669,-1.0130405,11.208049,12.604274,11.988391,13.758927,18.273735,10.73431,-3.7056587,-2.673726,-6.634941,-2.8418043
0.3818266,-4.212104,7.225459,15.456494,8.784139,16.361177,15.889402,14.444131,0.12604517,-4.2053905,-2.4964406,-4.158228
-2.0741587,-5.512527,9.321061,16.780983,10.775025,17.64591,18.394157,14.655352,-3.3346214,-6.5539365,-5.3770943,-6.7909384
-2.5565045,-2.212839,10.976142,13.651147,12.530352,14.430198,18.478865,11.069409,-4.4642057,-3.356882,-6.8136697,-3.9201257
2.0281992,-1.7722129,6.536688,12.403209,7.607821,13.69258,13.989902,12.047843,0.23621848,-1.1358473,-2.7821,-0.9490589
-2.5042174,-4.4670687,10.049762,16.575815,11.746225,17.48604,19.29117,13.977126,-3.850395,-5.488327,-6.1651254,-5.7937684
-0.85668284,0.590806,9.790876,10.781358,10.81628,11.887733,16.099512,9.34465,-3.3623111,-0.34016752,-6.365119,-0.831224
3.192951,-4.8489537,4.758103,14.716362,5.9602556,16.257841,12.997992,14.463644,2.3693476,-2.8415904,-0.44618976,-2.2903647
0.64125395,-1.6433605,7.9193153,13.077307,8.76825,13.976621,15.370891,12.138188,-0.9363345,-1.9972044,-3.8597739,-1.8614687
-0.063221365,-1.9904963,8.018739,13.5280485,8.878728,14.6825285,15.17794,12.574503,-0.29148346,-2.428462,-3.0249119,-2.2044704
1.91952,-1.7255392,6.8743544,12.377016,7.9475203,13.70601,14.173046,11.950402,-0.021376716,-1.2288961,-3.0905466,-1.1408908
-0.42443058,-3.069126,8.184272,14.511737,9.818329,15.253702,16.397629,12.946626,-1.3206426,-3.139915,-4.214932,-3.0673687
-0.9186704,-4.448318,8.451169,15.446924,10.017032,16.455399,17.272787,13.787442,-2.4885523,-6.0887423,-4.84672,-6.1515026
-1.8021789,-4.1794972,9.3956785,15.481947,10.952718,16.388834,17.654917,13.520267,-2.1533563,-4.848584,-4.524993,-5.018659
-0.88609195,-2.6978967,8.857025,14.049477,10.74317,15.242941,17.221643,12.650265,-1.9832292,-3.906531,-4.368775,-3.987925
0.78285897,-1.3930594,7.784915,12.515553,8.906252,13.636748,14.978135,11.980146,-0.8588642,-1.4272845,-3.8154602,-1.7430353
0.02386796,-2.4211636,8.11992,13.457032,9.543742,14.58442,15.858365,12.50168,-1.0784035,-2.523705,-3.809633,-2.5713341
-1.3830831,-4.735258,8.821137,16.118685,10.24704,17.161482,17.662336,14.335044,-2.6916375,-6.326763,-4.812556,-6.323026
1.7117815,-2.6578546,6.6778145,13.522355,7.9244394,14.883331,14.516923,13.176261,0.28198394,-2.5036287,-2.3579507,-2.4696867
-5.993278,-0.91042227,13.988412,13.730555,15.0034075,13.899256,20.448502,9.626097,-6.488521,-2.4077406,-9.043814,-3.656377
-1.7075708,-5.421613,9.047792,16.922712,10.654693,17.70684,18.14136,14.999162,-2.4278996,-6.503156,-4.4441657,-6.5610695
0.5202004,-1.1039945,8.215506,12.43732,9.404373,13.318658,15.317243,11.451038,-1.2464505,-1.4512109,-4.0841856,-1.4700642
-3.130706,-2.8722775,11.037644,14.290575,12.452286,14.994004,18.952059,11.774741,-4.515074,-3.5778825,-6.894118,-4.3700433
-2.7897995,-0.32040313,11.146177,12.383713,12.164874,13.342498,17.716198,10.317767,-3.3204753,-1.9661531,-6.1830564,-2.370105
-1.7394531,-4.5276384,9.25549,16.321053,11.287548,17.200285,18.46371,14.174445,-2.789143,-6.059769,-5.0545855,-6.1016874
-4.4370856,-1.5415848,12.617186,13.5921,14.009607,14.280057,19.703796,10.459263,-5.3460402,-3.15809,-7.684078,-4.1557355
1.8859596,-5.3793135,5.5433917,15.7164955,7.355852,17.109148,14.435916,15.255585,1.806838,-4.2151866,-1.0310372,-3.861914
1.1079514,-4.5012574,6.575917,15.347747,8.232764,16.49679,15.156367,14.649853,0.74013233,-3.9809191,-1.9508991,-3.8358662
-1.7693478,-0.031011036,10.567767,11.643331,11.543541,12.686434,17.340796,9.740944,-3.6384969,-1.3317554,-6.574724,-1.7091187
-0.84036845,-2.6159766,8.90056,13.969552,10.254841,15.000869,16.814783,12.473458,-1.5806623,-3.3058586,-4.041437,-3.6961496
-1.7796304,-6.1242023,9.062466,17.411798,10.655658,18.356783,18.262266,15.425516,-2.53186,-7.132988,-4.518877,-7.340538
-1.3943318,0.54543996,10.350477,11.162539,11.40266,12.111952,16.575708,9.422215,-3.6558423,-0.7058254,-6.773754,-1.2491138
-1.3435031,-3.4116197,9.411818,14.814919,10.608577,15.888359,17.409113,12.892098,-1.867916,-4.1567993,-4.328559,-4.469829
1.076902,-2.3484032,7.1455364,13.276898,8.401903,14.430411,14.976765,12.700519,-0.121409394,-2.1700797,-2.9925249,-2.1266801
-4.4168983,-1.2833655,12.673203,13.54043,13.874556,14.187204,19.768698,10.366846,-5.3417373,-3.1229236,-7.9577785,-3.740417
-1.0255646,-2.761039,9.070419,14.145517,10.533423,15.018814,17.08009,12.380392,-2.0652666,-3.6042678,-4.5403166,-3.791465
0.16517423,-3.6853564,7.713554,14.86859,9.145881,15.743859,16.021322,13.717187,-0.44732562,-3.7685847,-3.137089,-3.6714008
0.9158444,-2.8838048,7.2531962,13.87986,8.595206,14.988028,15.376337,12.996977,-0.37367827,-2.817354,-3.3569267,-2.7411995
-3.8613749,-1.5178102,12.26519,13.535336,13.5004835,14.52377,19.651653,10.996501,-5.6339016,-3.6285381,-7.909336,-4.518917
-2.4659698,-2.9680614,10.629226,14.84622,12.209535,15.561024,18.360203,12.478731,-3.3313417,-4.2528763,-5.514282,-4.5490813
-4.8917184,-2.1897092,12.959794,14.430521,14.373165,15.549435,20.466839,11.21618,-5.485444,-3.7426946,-7.600909,-4.5065
-1.9867564,-4.3880525,9.647315,15.906656,11.213518,16.767534,18.266575,13.752715,-2.5720398,-5.346649,-4.8632703,-5.614775
0.9726443,-2.8471355,7.1200147,13.903243,8.48554,14.990409,15.199524,13.233234,-0.00642241,-2.7034147,-2.7615643,-2.8392265
-3.3653514,-3.1121585,11.416712,15.062796,12.742052,15.755655,19.47615,12.117881,-4.3651724,-4.1649446,-6.704438,-4.7801213
2.1954606,-4.7534094,5.6455994,15.058625,7.035143,16.801226,14.221843,14.923463,1.6718829,-3.9407258,-1.3775538,-3.3889024
-3.7634037,-1.6184828,12.153859,13.593509,13.393111,14.230045,19.319775,10.517011,-5.1560326,-2.6802356,-7.6307726,-3.5269256
-4.8498716,-0.7848113,13.0016985,12.912088,14.261137,13.443211,19.528566,9.557719,-5.520269,-2.1042786,-8.340433,-2.9474378
0.3978182,-2.0588014,8.016084,13.020775,9.27517,14.18026,15.61829,12.028167,-1.0682608,-2.2736192,-3.6450243,-2.175789
-4.7040925,-2.0912504,12.56715,14.24405,14.183655,14.884621,20.09241,10.815279,-5.6493597,-3.5255764,-8.167178,-4.483685
-1.0610137,-1.0785232,9.550557,12.599745,10.650314,13.672161,16.818575,10.861986,-2.3677185,-2.0412178,-5.039027,-2.268406
-3.2782526,-5.640694,10.486211,17.56632,12.130032,18.366074,19.779413,14.817474,-3.9991589,-6.6939735,-6.1357613,-7.158335
-1.9985389,-6.5541434,9.1377945,17.95509,10.807766,18.850351,18.64835,15.809626,-3.0742846,-7.548983,-5.0697656,-7.7254677
3.157777,-3.8126168,5.1074677,13.876082,6.413258,15.584623,13.495357,14.0575,1.664961,-2.6405342,-1.1547568,-2.2257257
-4.8445926,-1.5826834,12.870596,14.0917425,14.360547,14.610482,20.424822,10.652581,-5.6724997,-3.2550683,-8.405201,-4.3487144
-2.1014924,-1.8240191,10.506457,13.526609,11.747304,14.507207,17.956049,11.136303,-3.1206934,-3.3091335,-6.0656447,-3.4362826
-1.8106141,-2.159796,9.953878,14.180337,11.436243,15.079178,17.051512,14.03206,-5.122363,-6.32823,-5.413024,-3.840579
-2.343542,-4.454451,9.88524,16.022144,11.47296,16.71938,18.408665,13.737109,-2.5838535,-5.2744656,-4.6971292,-5.440594
-2.4619775,-5.9447265,9.659092,17.474308,11.254293,18.352688,19.091297,15.164704,-3.1569157,-7.0316496,-5.0334163,-7.1433077
-2.8805218,-3.9865324,10.567892,15.713584,11.658093,16.07142,18.625982,13.256481,-3.2698443,-4.9853444,-5.556039,-5.1336145
-2.9662151,-1.2594215,11.151622,13.340459,12.634088,13.972886,18.213089,10.998062,-3.6095629,-2.9314265,-6.38767,-3.3810077
-3.0671904,-4.4379168,10.588529,16.457415,12.173273,16.994493,18.671099,13.646981,-3.9733188,-5.4956994,-5.955632,-6.134399
-4.1905,-2.6601775,12.0057335,14.970577,13.399265,15.845909,19.903704,11.884327,-4.7272468,-4.4259467,-7.228153,-4.979985
-0.81399095,-3.9465787,9.351508,12.024104,10.604644,13.077539,16.23558,10.682849,-2.7840433,-1.309675,-5.7113004,-1.48346
-3.5196605,-2.258758,11.371851,13.95952,12.732598,14.568938,18.92752,11.232113,-4.3375254,-3.3880088,-6.737961,-3.70885
-3.8159165,-4.8214483,11.304019,16.75171,12.890732,17.330385,20.00937,13.614453,-4.3612456,-6.002111,-6.63026,-6.4500413
-3.3064275,-4.780262,10.938037,16.692894,12.487123,17.164715,20.049658,13.612177,-4.2639074,-5.610454,-6.795073,-6.181872
-1.9942058,-0.4191446,10.316815,12.149585,11.874711,13.025156,17.194231,10.247509,-3.3846776,-1.861839,-6.156012,-2.0004518
-0.03524081,-4.0060687,7.8834906,15.218168,9.562115,16.291864,16.463678,13.848154,-0.849538,-4.2966514,-3.3485613,-4.1774335
0.5242033,-2.4746923,7.8276553,13.544949,9.137596,14.535105,15.702895,12.531524,-1.0344709,-2.5360062,-3.4576979,-2.7248068
0.39640737,-3.191019,7.65734,14.346824,8.952795,15.242051,15.812355,13.268301,-0.5853406,-3.247215,-3.3550134,-3.0852551
-2.4266646,-3.4720232,10.1566105,15.16937,11.857061,16.05461,18.339804,12.808728,-2.9471219,-4.3829756,-5.259344,-4.663116
-3.3695028,-0.58257437,11.085701,12.933253,12.166159,13.818582,17.894337,10.931555,-3.0450888,-2.5138252,-5.868366,-3.177555
0.16273193,-5.0584373,7.334769,16.017527,8.883157,17.026497,16.067457,14.897122,0.30285716,-4.545472,-2.3927252,-4.2813544
-3.226671,-4.0962133,10.933798,15.941616,12.440269,16.424852,18.925688,12.964364,-3.809,-4.999722,-5.6654706,-5.429826
-0.56855774,0.052710056,9.3626795,11.356793,10.598248,12.369816,16.02108,9.904953,-2.7556531,-0.6589081,-5.713857,-0.9566611
-4.6136093,-3.261958,12.342075,15.337917,13.967361,16.22979,20.503069,11.968833,-5.3431478,-4.7954946,-7.8349347,-5.477456
-4.344017,-4.1172757,11.878284,16.206974,13.342236,16.86256,20.206812,13.051154,-5.0993934,-5.3891845,-7.2053103,-6.0812955
-3.1209698,-6.228606,10.238471,18.141024,11.80714,18.892895,19.699034,15.354124,-3.9411616,-7.3312807,-5.8853908,-7.616838
2.8192627,-5.3162827,5.017284,15.355134,6.4184513,16.925793,13.686984,15.198374,2.332752,-3.6518316,-0.5869644,-3.1259646
-3.7323637,-4.1606135,11.193459,16.10279,12.833716,16.790234,19.61597,13.138026,-4.264589,-5.183758,-6.6029186,-5.73281
-3.944815,-4.2345915,11.373045,16.334303,13.096088,16.968542,19.814611,13.262144,-4.680312,-5.652287,-6.849785,-6.116062
3.138443,-4.216798,4.818498,14.277857,6.293503,16.030743,13.588827,14.487555,1.6980286,-3.037452,-0.7571485,-2.5807378
2.9701912,-3.8455288,5.1415544,13.733387,6.5184193,15.667575,13.376586,13.833516,1.8815613,-2.3448052,-1.1480336,-1.976608
-0.3494829,-1.1410385,8.880545,12.481355,10.017435,13.675484,15.978234,11.327988,-1.8126428,-1.9732093,-4.542106,-2.1212726
2.8405564,-4.454374,4.918258,15.024445,6.64099,16.385128,13.897783,14.936766,2.0108428,-3.4969227,-0.88773465,-3.1294274
2.674813,-5.0003824,4.860555,15.299106,6.549128,16.863895,13.737127,15.234009,2.2739544,-3.7693303,-0.736671,-3.5217292
-4.6774983,-2.9351873,12.628476,15.336854,14.116979,15.760461,20.507988,11.698401,-5.3099337,-4.2463017,-7.763591,-5.08538
-5.613576,-1.4856923,13.608831,14.094045,15.006781,14.512987,20.581947,10.257283,-6.3899136,-3.464807,-8.973862,-4.2524734
-6.215524,-1.7479432,14.17973,14.455444,15.551248,14.518063,21.19134,10.153901,-6.815045,-3.2648504,-9.489235,-4.308986
-4.0030136,-1.7437351,12.399899,13.908156,13.667035,14.842749,19.587149,10.856147,-4.98797,-3.3874984,-7.4312267,-3.8887894
-3.2471008,-5.225243,10.420415,17.2338,12.227644,17.809042,19.462088,14.39342,-4.1318264,-6.4584136,-6.4902315,-6.807884
-3.914445,-2.0493534,12.461558,14.150815,13.896518,14.467833,19.95133,10.736102,-5.2782493,-3.5516062,-7.9694824,-4.41653
2.4594886,-5.177445,5.336984,15.353481,6.9573407,16.832058,14.057476,15.142678,1.9053426,-3.7150934,-1.0097916,-3.4771702
-0.96792895,-0.12688227,9.610023,11.2835045,10.802628,12.528781,16.265535,9.894038,-3.1082108,-0.76409274,-6.2195077,-1.1264606
3.4407387,-4.1251907,4.9113812,13.893325,6.1734223,15.771732,13.102855,14.298983,2.0774715,-2.4511297,-0.8479504,-2.128806
-3.5547466,-0.32181615,11.382942,12.26502,12.75882,13.370263,18.05134,10.286192,-3.758277,-2.5430982,-6.7460003,-2.8535922
-3.3313382,-1.8930601,11.450385,14.119791,12.847363,15.60918,18.814642,11.513347,-4.0264997,-3.7349887,-6.6976857,-4.322524
-1.5121381,-1.4920986,9.780903,13.115805,11.089887,14.271657,17.103058,11.58181,-2.5640798,-2.821436,-5.2160516,-2.9834874
-5.0355077,-3.2322798,12.894468,15.631266,14.252404,16.198357,20.992636,11.912759,-5.870341,-4.7371564,-8.176059,-5.5036488
-1.71756,-1.5104042,9.682505,13.056666,10.997396,13.805793,17.04296,11.116067,-2.7077894,-2.7687414,-5.448244,-2.7289975
-2.1138759,-0.98045176,10.718226,12.888742,11.595495,14.006831,17.700867,10.954123,-3.5397708,-2.6597853,-5.9735394,-3.0068884
-3.483662,-3.8857396,10.463309,15.110579,11.894718,15.963388,18.430714,12.856487,-3.4057667,-4.7668934,-5.830059,-4.977598
-6.246261,-1.3950042,14.436099,14.141263,15.708579,14.178912,21.132025,9.71375,-6.9970803,-3.00653,-9.61925,-3.9456294
-2.3450282,-0.7896993,10.626254,12.652667,11.790572,13.665234,17.380043,10.651647,-3.2545857,-2.2069566,-6.0393214,-2.5818253
1.7207168,-3.9897997,6.1954284,14.58642,7.7388735,15.902795,14.600107,14.149599,0.7044606,-3.2564673,-1.9358809,-3.03893
-3.5475602,-0.12757869,11.58483,12.451299,12.903143,13.250473,18.337223,9.830909,-4.071072,-2.1139355,-6.7498527,-2.7923617
-4.0889626,-3.7239358,11.816698,15.784309,13.450566,16.01114,19.78372,11.509208,-5.070517,-5.028304,-7.418519,-5.138214
-1.1112608,-1.255793,9.449966,12.562534,10.799182,13.693645,16.542202,11.122199,-2.2810557,-2.0004356,-5.192381,-2.10935
-2.2754173,-0.4561395,10.2693615,12.342046,11.560865,13.379497,17.206987,10.442358,-2.9193027,-2.023719,-5.588338,-2.5750382
-3.1302705,-0.92400634,10.432177,13.07951,11.781492,13.949608,17.543457,11.281176,-2.934969,-2.697541,-5.77136,-3.0375807
0.6576918,-2.0744123,7.804152,13.121074,8.888364,14.190094,15.259324,12.0828,-0.52796227,-2.4074814,-3.541181,-2.2851744
-2.3366132,-5.5470176,9.750642,17.203583,11.619845,18.099573,19.140919,14.677002,-3.1602821,-6.493061,-5.345749,-6.8423634
-1.7832568,-3.5186057,9.798352,15.039755,11.157967,15.9094715,17.920143,12.843553,-2.3012016,-4.3421965,-4.8288236,-4.746112
-3.2161121,-0.4185055,12.004941,12.618315,13.125266,13.108111,18.38244,9.920443,-4.447721,-2.1657295,-7.2270427,-2.6428506
-3.0190039,-0.7065012,11.31263,12.505019,12.871614,13.557505,18.052666,10.129689,-4.1899934,-2.3590753,-6.8799887,-3.1446216
-2.4657378,-0.67533356,10.463976,12.716482,11.745018,13.558951,17.446638,10.829103,-3.252746,-2.2425716,-5.813676,-2.4868891
0.38777998,-3.968837,7.289512,15.069955,9.043092,16.044643,15.82494,14.032403,-0.05831096,-4.045944,-2.8047743,-3.950831
-0.619283,-0.8576469,9.08001,12.229593,10.415919,13.351813,16.20148,10.872048,-2.1151025,-1.5876408,-5.0369277,-1.8232887
2.7580218,-4.111808,5.152779,14.096544,6.728502,15.805307,13.543125,14.159143,1.747401,-2.5972853,-1.2783828,-2.7181356
1.2793132,-1.876265,7.219579,13.211427,8.509767,13.963389,14.605231,12.468855,-0.23990923,-1.6775266,-3.1389923,-1.8341757
-1.4943212,-1.4142848,9.813529,12.853855,10.913076,13.978492,17.022459,11.098026,-2.5615401,-2.4580393,-5.172332,-2.5213654
-1.6941842,-0.065140046,11.839546,13.379679,11.858067,12.487303,17.111752,9.762456,-4.355505,-1.3070755,-7.6734424,-2.466529
0.08975117,-2.8317811,7.8621454,14.082608,9.346752,14.97896,15.998068,12.828906,-0.81404734,-3.1521857,-3.6036632,-3.1118903
-1.4698861,-3.000898,9.505999,14.51322,10.959798,15.533771,17.455828,12.69375,-2.3510346,-4.2329,-4.5634675,-4.4914627
0.09787611,-3.0798275,7.9639378,14.242352,9.507271,15.098154,16.063385,13.172584,-0.9345563,-3.2808025,-3.6329231,-3.0824342
-2.0640373,0.14696835,10.776205,11.641444,11.858823,12.64948,17.457788,9.534948,-3.7278845,-1.3017782,-6.7313733,-1.8667494
-3.6473083,-3.4776344,11.496522,15.239124,12.931399,16.34742,18.931633,12.487616,-3.638461,-4.3652387,-6.073257,-4.800913
-2.66187,-4.101002,10.11759,16.107676,11.797888,16.855804,18.627327,13.86903,-3.3932064,-5.5177073,-5.260996,-5.843751
-1.778683,-4.9816213,9.335727,16.310167,10.995721,17.29329,18.314186,14.228547,-2.5516884,-5.9539223,-4.6180444,-5.9683895
-3.974534,-5.094953,11.389044,16.998428,13.062166,17.395914,20.220186,13.562251,-4.6926694,-5.812403,-7.0715103,-6.3274446
-2.3924208,-3.5972984,10.3023405,15.141257,11.654895,16.15204,18.574272,12.872545,-2.7702332,-4.5545993,-5.207066,-5.0391264
-2.7770922,-5.049062,10.502651,16.901567,12.346203,17.444296,19.312809,13.464247,-3.9178572,-5.844783,-6.049727,-6.400741
2.23165,-4.221734,5.7956033,14.686825,7.077597,16.02445,14.014586,14.282273,1.2182678,-3.0564752,-1.5303445,-2.8018768
2.0232928,-2.0589988,6.6034575,12.579422,7.5727572,13.834295,13.94257,12.074733,0.4002048,-1.1087378,-2.7784421,-0.9935557
2.3907607,-5.116809,5.139066,15.361044,6.8162627,16.907974,14.05101,15.261558,2.0027614,-3.8534262,-0.8161219,-3.397584
-4.817982,-2.8119953,12.621398,15.1018095,14.264411,15.529416,20.674318,11.9049,-5.721058,-4.7059617,-7.989929,-5.4534755
-2.7617733,-1.2849168,10.218706,14.181982,11.63472,15.166569,18.120993,12.038925,-2.9041677,-3.863405,-5.399525,-4.0150466
2.9917827,-4.910326,5.170863,14.661823,6.722192,15.967953,13.6624365,14.6376,2.2578502,-3.4232166,-1.1701312,-2.5191016
-4.6940722,-2.4427137,12.829026,14.326244,14.230632,15.083322,20.158752,10.900426,-5.775852,-3.7429805,-8.200405,-4.5486326
-0.92712015,-3.2335653,8.979069,14.528287,10.538304,15.700586,16.98318,12.953209,-1.6880972,-3.9772325,-4.1019006,-4.262619
-3.2060542,-1.2596686,10.587262,13.294285,12.289643,14.42289,18.226465,11.099267,-3.2890823,-3.1627727,-6.3958178,-3.5218444
2.4443016,-5.211684,5.2329364,15.428856,6.9037023,17.009504,13.993901,15.18841,2.242484,-3.7334232,-0.76576555,-3.3082874
-1.3937364,-4.2471914,8.946,15.605223,10.801233,16.681923,17.883722,13.74988,-2.203374,-5.008821,-4.5876036,-5.101441
-1.7297322,-3.9272087,9.552428,15.248089,11.129096,16.160372,17.890465,13.244365,-2.2179704,-4.6256604,-4.5818768,-4.7195535
1.7119877,-2.4326336,6.634713,13.236429,8.024787,14.74494,14.290743,12.850248,0.33260956,-2.2744088,-2.5711925,-2.3709664
-2.7399092,-3.210916,10.741497,14.98856,12.113232,15.562942,18.370321,12.391822,-3.2141228,-4.146014,-5.384236,-4.6669965
1.2055165,-3.9203541,6.457413,14.71248,8.041954,15.5473795,15.061816,13.818919,0.21395583,-3.213284,-2.6667554,-3.6642957
-1.7435442,-1.3014796,10.262582,12.883779,11.326666,14.023487,17.278242,11.187592,-2.862343,-2.4498148,-5.3434386,-2.946499
-0.3555787,-5.237563,7.7422633,16.40032,9.389633,17.35087,16.661089,15.094561,-0.1362112,-5.155274,-2.8385544,-5.080935
-1.9101573,-3.5538552,10.061669,15.191694,11.515612,16.410505,18.68063,12.972928,-2.779282,-4.971226,-4.8970838,-5.117911
1.4968646,-3.0510666,6.7798243,13.992616,8.17837,15.245143,14.760822,13.547701,0.39660037,-2.888754,-2.5833647,-2.7691517
-2.1148894,-1.0666881,10.555848,12.93551,11.566735,13.672323,17.452866,11.207711,-2.9337206,-2.1977313,-5.814747,-2.8135188
-2.8980033,-5.6279,10.108161,17.125101,12.087988,18.049755,19.362818,14.695166,-3.947111,-6.6073,-5.881629,-7.082063
1.7447045,-5.3762918,5.8081694,15.743486,7.435679,17.062159,14.67245,15.166615,1.615269,-4.2899647,-1.2346047,-3.7574573
3.631581,-4.302156,4.5297146,14.289048,5.8169174,15.861212,12.984689,14.411664,2.220633,-2.5657194,-0.43618435,-2.0353565
-3.6463146,-3.0975215,11.978788,14.873635,13.637764,15.298976,19.790054,11.657489,-4.9135046,-3.9544954,-7.4167967,-4.852345
-6.0590115,-1.8352791,14.038858,14.502313,15.558359,14.585421,21.283667,10.16953,-6.830448,-3.445351,-9.535643,-4.3682866
-2.1183574,-4.050049,9.310066,15.02118,10.964165,16.28363,17.56976,13.156641,-2.5612252,-4.627758,-4.680931,-4.961575
3.2856596,-4.5059595,4.8283935,14.50465,6.102578,16.27482,13.193666,14.527164,1.9819907,-2.6811495,-1.1057483,-2.142534
-5.0181713,-3.0388253,12.99437,15.323976,14.2399,15.936569,20.965977,11.568687,-5.898994,-4.536671,-8.1388645,-5.032601
1.9372,-5.1830454,5.6520405,15.567513,7.2672887,16.97256,14.504421,15.077501,1.4878213,-4.1301227,-1.2590935,-3.8090134
-1.7460785,-4.952639,9.472674,16.563555,10.955572,17.206667,18.092503,14.219332,-2.2637374,-5.7836843,-4.5236726,-5.9464993
-5.977403,-0.8351141,13.8913355,13.860614,15.128147,14.019733,20.501862,9.674416,-6.5470543,-2.4448292,-9.158949,-3.7080271
-4.0575314,-3.543152,11.601375,16.034222,13.080295,17.106552,20.20287,12.952421,-4.3277855,-5.3274245,-6.511929,-5.7384567
-2.5945585,-2.5798573,10.369663,14.389022,11.829876,15.266961,18.237926,12.227437,-3.0455706,-3.875535,-5.5038204,-4.1037292
-1.0661292,-5.0360126,8.420627,16.120853,9.98148,17.20038,17.339447,14.520629,-2.0968063,-6.2312093,-4.378563,-6.2673545
-1.4434336,-6.118351,8.729397,17.63103,10.432747,18.405489,18.05378,15.627594,-2.360933,-7.214219,-4.2782626,-7.409126
2.1036804,-1.6987597,6.4823365,12.350455,7.5921683,13.602549,13.793328,11.799699,0.35133713,-0.9688949,-2.8113081,-0.7943091
-1.6318437,-0.9202544,10.043364,12.695815,11.3750515,13.681461,17.308384,10.9771185,-2.4501395,-2.0715892,-5.761442,-2.7094095
-0.43897688,-0.29430962,9.1066265,11.60458,10.285729,12.597108,15.917724,10.316815,-2.4891202,-0.8735179,-5.515795,-1.0905136
-1.6737367,-2.2426665,9.730448,14.172675,11.328497,14.930602,16.932966,14.266405,-5.170163,-6.4834747,-5.33271,-3.7405224
-0.118299454,-1.4665657,8.518748,12.887371,9.794674,13.68225,15.888729,11.4584055,-1.5576936,-1.8609188,-4.503922,-1.7935476
-1.9891096,-1.6705393,10.252379,13.288134,11.48437,14.281433,17.536777,11.280284,-3.1466143,-3.0816388,-5.5806847,-3.354863
2.7995152,-3.7841887,5.271627,13.976417,6.971205,15.657502,13.882982,14.212589,1.4388704,-2.8110747,-1.4526132,-2.3957024
-2.7292886,-2.5186048,10.753124,14.550515,12.127006,15.076487,18.545547,11.874632,-3.7572474,-3.9420414,-5.9667773,-4.233143
1.1477429,-3.6668708,7.161113,14.600364,8.551526,15.881766,15.227688,13.995904,-0.068944275,-3.5161684,-2.84008,-3.38212
1.1086118,-1.1582009,6.2565007,13.108517,8.817902,13.095818,14.663067,11.433673,-0.85797715,-1.0141056,-3.8381948,-1.096806
-3.3021512,-2.7295253,11.454853,14.486492,12.514908,14.99186,18.92956,11.91588,-3.9128377,-3.5070717,-6.383455,-4.218345
-2.5165741,-5.161509,10.121666,17.000574,11.751074,17.706331,18.93689,14.656889,-3.1324487,-6.2708488,-5.4847045,-6.4979057
-2.873555,-6.1304803,10.112127,17.894196,11.730969,18.701723,19.543198,15.168141,-3.8262966,-7.335817,-5.5908933,-7.5252967
0.051519394,-1.9911656,8.25376,13.117924,9.603249,14.188976,15.732796,12.08847,-1.1763408,-2.3464968,-3.9603128,-2.3170831
-2.749574,-2.4609032,10.814878,14.461471,12.232,15.728903,19.061584,12.186833,-3.7561693,-4.750847,-6.3433385,-4.8705335
-1.9069839,-4.2928214,9.558816,15.826852,11.123971,16.585154,17.874756,13.546727,-2.3790522,-5.170791,-4.401437,-5.283193
-4.2742925,-3.371768,12.14318,15.520434,13.946512,16.23524,20.374575,12.165931,-4.899098,-4.7736745,-7.4961324,-5.4957895
-2.4684432,-4.361235,10.103837,16.181997,12.079892,16.957273,19.091902,13.767934,-3.1093516,-5.316155,-5.4174967,-5.617977
-3.1677723,-0.5209591,11.976173,12.767807,13.138386,13.461281,18.451696,10.190849,-4.634181,-2.3205733,-6.908884,-2.7078583
1.8982679,-1.6241164,6.6890182,12.363018,7.810861,13.599343,14.059624,11.873071,0.014104117,-1.1052659,-3.0227873,-0.90191144
1.4793066,-1.976936,7.0984898,13.169428,8.252589,14.378256,14.642984,12.710798,0.047773473,-2.127487,-2.874971,-2.1307974
-0.31459242,-2.185612,8.594094,13.433606,9.845098,14.526976,16.2248,12.139141,-1.4175384,-2.7934985,-3.9220889,-3.142379
0.8047914,-2.251118,7.604174,13.377818,8.738255,14.35426,15.331545,12.611796,-0.5874652,-2.1817222,-3.5640857,-2.4121063
-1.8829374,-3.343323,9.662645,14.926993,10.928728,15.822714,17.540968,12.960617,-2.1696591,-4.166053,-4.4637785,-4.3463817
-0.06014771,-3.5934906,7.8625865,14.885221,9.454158,15.77251,16.254396,13.422139,-0.9038322,-3.7325847,-3.4712315,-3.698158
-3.3413775,-0.16725953,11.502766,12.517321,12.630553,13.319817,18.193268,9.984347,-3.7424102,-2.1165607,-6.6158023,-2.667102
1.1971171,-1.4307877,7.179205,12.939084,8.464696,13.752452,14.618987,12.141584,-0.4395262,-1.4242561,-3.3175359,-1.6773285
-2.8370326,-5.241977,10.233306,17.203962,11.839836,17.871552,19.474781,14.395591,-3.5804043,-6.219215,-5.8456726,-6.6199894
-3.2893589,0.18213588,11.7158985,11.953969,12.810482,12.728718,18.086496,9.541819,-4.0974035,-1.5924603,-7.1659074,-2.3480277
-6.472881,-1.2336979,14.471982,13.771609,15.431912,13.635557,20.986523,9.542117,-6.9603324,-2.83312,-9.515263,-3.5810633
-2.597,-4.1070538,10.139179,15.750931,11.684905,16.702936,18.44645,13.556743,-2.6927502,-5.2368875,-4.974185,-5.4907823
0.79850286,-3.7023053,6.740397,14.711481,8.371765,15.72362,15.433545,13.862108,-0.041232914,-3.5226474,-3.0070734,-3.816581
-1.3890297,-5.984566,8.663212,17.40927,10.287521,18.113968,17.892393,15.551002,-2.2086644,-6.9122033,-4.2042465,-7.092858
-2.5661242,-3.4042535,10.576655,15.231582,11.986479,16.020445,19.065313,12.635736,-3.1890023,-4.6331983,-5.661139,-5.0615544
1.9361668,-4.442705,5.8627644,14.765836,7.479893,16.254951,14.274127,14.519749,1.1497482,-3.4828806,-1.6038985,-3.119954
0.47519386,-1.1464994,8.169759,12.419167,9.366312,13.291983,15.27373,11.324751,-1.3879471,-1.3194911,-4.1863575,-1.5011401
-2.6440616,-0.5206644,11.030371,12.388858,12.158685,13.437888,17.487638,10.701455,-2.9185681,-2.3274155,-5.6306887,-3.0386605
3.2628465,-4.5588593,4.467491,14.675283,6.023074,16.361778,13.297152,14.748328,2.4960308,-2.796482,-0.7159544,-2.6681745
-2.4593985,-4.978723,10.37523,16.904263,11.590779,17.63451,19.514223,14.532951,-3.820765,-6.466868,-6.121739,-6.7138658
-3.7215464,-0.63994354,11.186537,13.034702,12.843888,13.78063,18.35926,10.4137125,-3.7729301,-2.5882583,-6.4971714,-3.1175578
3.3923998,-4.5655484,4.9614286,14.083239,6.189193,16.01849,13.2694,14.087493,2.0578537,-2.59045,-1.0341884,-2.1766903
0.52076656,-1.3720894,7.968832,12.712478,9.159369,13.638856,15.0434475,11.6276655,-0.96613824,-1.7235657,-3.789032,-1.7879658
1.7296909,-4.7912984,6.1468277,15.151654,7.696921,16.345335,14.786201,14.709501,1.2318228,-3.852946,-1.6417724,-3.3891761
1.3299403,-1.8511776,7.0875196,13.105299,8.0404825,14.229594,14.517243,12.640691,-0.030090813,-1.8973218,-2.8931682,-1.9076661
-2.9556792,-4.5839186,10.296066,16.581142,12.048958,17.14143,19.366282,13.687993,-3.3106,-5.4755516,-5.7965684,-5.728999
-0.69572425,-2.709155,10.266511,13.022168,11.387273,14.161609,17.347118,11.459813,-2.9131906,-3.130287,-5.7826242,-3.046468
-3.5123599,-4.7724085,11.290657,16.591738,12.851235,17.376965,20.013317,13.675447,-4.2891903,-5.833378,-6.7473645,-6.562043
-0.5654734,0.24089628,9.488139,11.025307,10.532419,12.242981,15.889274,9.776508,-2.879807,-0.48736915,-6.0502076,-1.0105609
-4.5817275,-2.8119307,12.570307,14.883515,13.821192,15.670156,20.406273,11.645316,-5.19024,-4.132323,-7.5270557,-4.927822
-2.8071523,-5.228199,10.406834,17.034845,12.097915,17.700401,19.404749,14.144489,-3.7790997,-6.0609083,-5.978048,-6.480766
-2.488949,-1.9378593,10.891685,13.574497,12.100103,14.483272,18.209352,11.212124,-3.821123,-2.6877146,-6.3596354,-3.0476644
-3.845559,-1.0974655,12.093163,13.516407,13.423506,14.464946,19.301678,10.932172,-4.346484,-3.2781537,-6.298057,-4.1836343
-6.1924624,-1.4874748,14.167435,14.017258,15.423777,14.110575,21.013006,9.876905,-6.75752,-3.001178,-9.41502,-4.032396
-3.3165603,-6.152795,10.559932,18.014994,12.1496105,18.772375,19.851583,15.308688,-4.099174,-7.2131143,-6.0650296,-7.5739274
-6.103462,-1.5619037,14.179273,14.332201,15.646682,14.525923,21.28973,9.94117,-6.981246,-3.5043545,-9.602633,-4.2583823
0.5639543,-4.1849194,7.2088146,15.166625,8.708007,16.399408,15.744432,14.334238,0.21642123,-4.1312656,-2.4995437,-3.8882942
-2.648182,-5.375704,9.83104,17.256035,11.658892,18.150206,19.431063,14.517712,-3.371618,-6.66979,-5.8359084,-6.861809
-2.2951477,0.053392906,11.875829,13.131694,12.214137,12.664581,17.531239,9.699394,-4.6290154,-1.7475437,-7.6658664,-2.6158621
-3.688958,-0.7879157,12.121314,13.182579,13.077728,14.026217,18.870642,10.625405,-4.428309,-3.2046719,-6.8709464,-3.7027333
0.3982543,-4.320084,7.4573298,15.273155,8.690014,16.39177,15.77352,14.3398,0.16637945,-4.099113,-2.4967396,-4.036065
-2.9225876,-1.2052766,10.479351,12.975979,12.260055,14.115453,17.914452,11.281304,-3.5451183,-3.1071212,-6.0641007,-3.5946372
-3.6328669,-4.294012,11.071464,16.071049,12.902613,16.901756,19.75786,13.175541,-4.4861193,-5.489614,-6.673473,-5.9576874
3.2649803,-4.8755426,4.7675204,14.616824,6.0567875,16.252216,13.255889,14.944008,2.4469945,-2.9541035,-0.44777462,-2.6039143
-0.9912081,-0.8403319,8.691838,12.675753,10.041763,13.5834055,15.844483,11.34282,-1.6419405,-1.6866245,-4.5149717,-1.7712264
-0.60730195,-0.012330716,9.526146,11.348649,10.718035,12.39883,15.928346,9.950553,-2.9757366,-0.7524254,-6.106561,-1.1794981
-4.614364,-3.8513145,12.474459,15.966007,13.809412,16.758087,20.707623,12.600411,-5.4211135,-5.275163,-7.985818,-5.9912477
2.1280143,-3.7582717,5.9452653,14.483842,7.605704,15.686111,14.63977,13.933474,0.54536533,-3.4273527,-2.0160313,-2.9830012
2.0344462,-4.1648593,5.7753787,14.639389,7.395239,16.17386,14.519273,14.417951,1.0267797,-3.3030596,-1.6559366,-2.9848084
0.3532398,-3.539981,7.492184,14.802411,9.056247,15.697011,15.8694515,13.727372,-0.27724642,-3.8119953,-3.0589285,-3.3988636
-4.3805604,-3.1453624,12.066493,15.449547,13.601948,16.473188,20.313374,12.224815,-5.0862384,-5.047518,-7.444622,-5.6125226
-4.428578,-1.2679828,12.565714,13.522756,13.942592,14.273856,19.758118,10.449022,-5.4166245,-3.0365083,-7.9621177,-3.731169
-5.53189,-1.4363801,11.95852,13.406736,13.386012,13.947788,18.515755,12.224632,-5.249591,-2.681455,-5.9758205,-3.7736244
-2.0247142,-4.6672897,9.512227,16.247602,10.830111,17.068398,19.110428,14.230005,-4.0481086,-6.0309944,-5.750638,-5.995845
-1.7480797,-0.42169616,10.357296,12.039403,11.558383,13.231081,17.064743,10.388883,-2.9349096,-1.7857877,-5.7782497,-2.0309792
-5.201715,-2.102723,13.151947,14.581136,14.749355,15.161099,20.869791,11.068832,-5.883494,-3.7804267,-8.377423,-4.7720914
-4.9033837,-2.4122734,12.927035,14.712201,14.446512,15.071623,20.535847,10.956449,-5.954307,-3.9002445,-8.412063,-4.5509586
-1.1481212,-2.3831718,9.180947,13.920642,10.6921,15.023638,16.948225,12.516605,-1.9311701,-3.6744196,-4.4464545,-3.7188764
0.39406976,-1.378063,8.146652,12.484382,9.538551,13.652195,15.358632,11.752041,-1.2046258,-1.4861825,-4.194526,-1.6492503
-5.8744736,-1.0662073,13.85193,13.853664,15.055305,14.030829,20.509148,9.822137,-6.353589,-2.7016315,-8.964531,-3.6026485
-5.274407,-1.418208,13.470103,13.843552,14.773584,14.356528,20.45825,10.257188,-5.927163,-3.019813,-8.597404,-3.8819807
-6.4100523,-1.201845,14.355044,13.737244,15.514317,13.782215,20.933075,9.403981,-6.8465776,-2.856396,-9.441591,-3.5376513
-3.9244215,-4.5671315,11.414007,16.511887,13.033822,17.219566,20.0384,13.420977,-4.6389112,-5.704632,-6.8284674,-6.1834073
-2.226155,-1.0420119,11.132251,12.503392,12.171844,13.575974,18.241177,10.587779,-4.0243487,-2.5363443,-7.1775618,-2.899856
0.6192633,-2.1524687,7.6639194,12.966022,8.854341,14.102138,15.0963,11.92193,-0.6467548,-2.0126765,-3.5449448,-1.8711891
-3.4355159,-2.2863276,11.450041,14.026905,13.01814,14.755651,18.73292,11.083253,-4.2509255,-3.5470164,-6.5223145,-3.8619933
2.9121056,-4.1744623,5.4340873,14.261679,6.8348823,15.740623,13.418751,14.577873,2.1596591,-3.0052538,-0.85934496,-2.3291574
-4.2180433,-1.690742,11.695037,13.812806,13.365507,14.455114,19.213156,10.733723,-4.790889,-3.0611656,-7.088746,-3.6234493
-2.1206594,-0.621197,10.456076,12.401566,11.652778,13.461706,17.128796,10.496746,-3.0840554,-2.046904,-5.723897,-2.4168825
-5.0014343,-4.790734,12.50709,17.007776,13.939641,17.802254,21.030462,13.515577,-1.4247583,-5.195314,-3.5093668,-5.5985355
2.9795353,-4.3718324,4.716001,14.099827,6.3983583,15.732722,13.572656,13.866776,1.3434397,-2.4958327,-1.244301,-2.1393924
-1.9736264,-0.52485055,10.601175,12.087491,11.7384,13.47276,17.018307,10.326716,-2.9106877,-1.8441855,-5.908505,-2.314766
-4.6324735,-1.1582825,12.753437,13.181021,14.098811,13.642157,19.477594,9.867841,-5.584833,-2.5001726,-8.032936,-3.2392077
2.6301515,-4.4788074,5.2440777,14.600629,6.7109814,15.889595,13.645969,14.004108,1.7200232,-2.7024894,-1.5017959,-2.304276
3.4929416,-4.1369643,4.5653644,14.096147,5.9102473,15.79908,13.324182,14.39016,2.1295986,-2.6402478,-0.587931,-2.2828171
-4.578844,-0.78119594,12.831417,13.062281,13.953559,13.5286665,19.431627,9.601611,-5.4135747,-2.0885508,-8.237685,-2.960764
1.0194278,-4.7104526,6.580311,15.459633,8.150118,16.568367,15.277914,14.8367195,0.69331723,-4.1347766,-1.9030421,-3.9074705
3.3445296,-3.9878528,4.484315,14.142964,5.8922057,15.95725,13.000948,14.411446,1.9971485,-2.7589965,-0.5480353,-2.2266226
-0.46163768,-1.1707407,8.922985,12.438036,10.208554,13.545296,16.016157,11.195125,-1.9107288,-1.8183773,-4.768462,-2.0423808
-2.2275176,-1.0826404,11.019232,12.852043,11.688768,13.843852,17.703203,10.820462,-3.3861468,-2.7428591,-6.198876,-2.8350859
-4.2415133,-2.861024,12.344641,14.946154,13.649691,16.005266,20.094238,11.693496,-5.3582044,-4.2868905,-7.5439653,-5.2699833
-2.6332624,-5.017767,9.926944,16.661266,11.532834,17.402937,18.93845,14.304609,-3.8312855,-6.1909285,-5.899659,-6.3497286
-4.8383665,-3.415203,12.54122,15.6533,14.111333,16.103056,20.657873,12.1285515,-5.6402698,-4.7412825,-7.9245205,-5.3977094
3.383551,-4.0660357,4.480416,14.541665,6.1942034,16.405102,13.104284,14.761308,2.0786624,-2.815916,-0.6302251,-2.6249614
-3.3963807,-3.6986904,10.9097805,15.83975,12.658459,16.226162,19.504442,12.448793,-4.3566914,-4.587347,-6.8026204,-5.0684533
-3.1883986,-2.4424527,11.054512,14.962637,12.796248,16.347755,18.996305,12.11927,-3.6070323,-4.5694447,-6.541218,-5.0674706
-0.9048719,0.46824467,9.623054,11.120876,10.866158,12.167657,16.165537,9.48114,-3.1180978,-0.47601607,-6.180266,-0.99286485
-2.2223868,-0.9681363,10.793206,12.36637,11.727475,13.175802,17.891804,10.366017,-3.771954,-2.0968583,-6.5895724,-2.2292051
-3.4032683,-2.1666176,11.598138,14.277119,12.724142,15.14415,18.97077,11.460952,-4.321673,-3.8449986,-6.5764594,-4.5197487
-3.408191,-2.1108067,11.812335,14.173062,13.000283,15.0991335,19.150997,11.710977,-4.29139,-4.3473682,-6.8728924,-5.083647
-1.723026,-0.8163959,9.964042,12.450321,11.055985,13.5622635,16.829922,10.8489895,-2.5807948,-2.2315245,-5.187808,-2.4207582
-3.2580063,-3.9857976,10.771725,15.559074,11.879582,15.799757,18.5015,12.902811,-3.3789594,-4.6920843,-5.858823,-4.9043756
-3.0818093,0.47547626,11.646776,11.515489,12.894756,12.5232725,18.15023,9.239738,-4.4105644,-1.4158006,-7.262188,-2.0601048
-0.53422314,-1.2187035,8.896719,12.661895,10.222499,13.852389,16.424965,11.389794,-2.006039,-2.3202968,-4.813311,-2.1975071
-2.2704706,0.5841155,11.088277,11.292247,12.275824,12.146543,17.470928,9.1399555,-4.7387657,-1.0150342,-7.7723374,-2.0563073
-2.9703217,0.12360184,12.089966,12.077335,12.99238,12.763626,18.164822,9.623055,-4.296819,-1.7991085,-7.0779266,-2.1829162
-1.3873928,-4.8311043,8.8777895,16.476738,10.577395,17.317188,17.978544,14.595981,-3.185928,-6.567398,-5.2246194,-6.5136905
-1.8212211,-2.6076035,10.125403,14.00256,11.539424,15.010406,17.907335,11.909826,-2.998684,-3.3958256,-5.7362943,-3.661365
-1.9815552,-1.9580054,10.421816,13.757576,11.441177,14.772794,17.675365,11.749245,-1.552246,-4.285681,-4.320791,-4.5571256
-3.1456218,0.26782757,11.722633,11.877221,12.574867,12.631766,18.216293,9.302231,-4.3725305,-1.5827258,-7.4245234,-2.2384322
-4.5717936,-2.5499632,12.550666,14.767925,13.783287,15.60008,20.172012,11.373956,-5.4937267,-4.0813932,-8.076332,-4.903385
-1.0233908,-2.0371406,9.582485,13.649409,9.407171,13.758088,15.732186,11.9207325,-1.5694243,-2.6257255,-4.3751955,-1.8699685
-4.2248006,-1.8049029,12.44293,13.979814,13.845361,14.488638,19.638819,10.543448,-5.2768903,-3.177889,-7.926065,-3.9123597
0.7788503,-1.7121336,7.545252,12.864564,9.528854,14.504096,16.045803,12.260387,-1.236845,-1.9716444,-4.1831064,-2.3387527
-6.125491,-1.7018875,13.994138,14.449251,15.497349,14.531849,21.135784,10.125182,-6.7821293,-3.3325148,-9.48517,-4.2813106
-4.4185104,-2.3471553,12.293251,14.441523,13.7285385,15.124066,19.812263,11.227401,-5.391152,-3.6851256,-7.6013956,-4.495346
0.48005012,-4.430156,7.0146017,15.573848,8.718731,16.526207,15.8451605,14.609977,0.31528652,-4.373787,-2.2185473,-4.111455
2.602002,-4.772467,4.968239,15.10034,6.540028,16.681469,13.837198,14.925087,1.8864003,-3.4665966,-0.8453111,-2.993597
0.63245225,-2.684149,7.529885,13.700682,8.672824,14.6684675,15.24547,12.790627,-0.54544485,-2.3569984,-3.49755,-2.6877203
1.1551433,-1.3290147,7.651283,12.160454,9.065848,13.287692,14.802711,11.54009,-1.01474,-1.0352235,-3.7668357,-1.3215791
-3.264858,-5.8847733,10.522005,17.795021,12.120023,18.609142,19.69672,15.305495,-4.140321,-7.254238,-6.099656,-7.564606
-2.2023578,-5.778898,9.429734,17.225449,11.012065,18.099808,18.682478,14.962385,-3.1636448,-6.800647,-4.939538,-7.0477266
-6.7666664,-1.2403706,14.795128,13.918383,15.926456,13.85186,21.382406,9.464422,-7.3608675,-2.8461907,-9.907151,-3.521527
-2.3344717,-5.6846237,9.627497,17.348671,11.507513,18.00688,19.020178,14.761706,-3.0550027,-6.672563,-5.0174546,-6.956274
-4.655831,-2.9176295,12.70369,15.157068,14.2254095,16.032251,20.57796,11.658199,-5.4154983,-4.5069904,-7.950104,-5.2373643
-4.4406447,-2.3738396,12.23847,14.30827,13.702427,14.722365,19.7089,10.727852,-5.2782702,-3.234483,-7.8562446,-4.057094
-2.4993167,-3.3063312,10.398398,15.863593,11.813504,16.374128,19.17186,13.276993,-3.239648,-5.073168,-5.8929534,-5.3207164
2.4928315,-4.097303,5.4288087,14.420086,7.07867,15.8207035,14.071738,13.949601,1.2406365,-3.5349207,-1.4173589,-2.9976406
-2.5279279,-0.19508015,11.015903,12.085045,11.899915,13.245538,17.445724,10.292479,-3.4618688,-1.8285158,-6.1329784,-2.3511522
-2.0173588,-2.298369,10.41034,14.069053,12.195872,14.948615,18.335934,11.905264,-3.6891942,-3.5066159,-6.135199,-3.9514318
-2.554389,-5.638815,9.920848,17.172764,11.267653,17.983957,18.890514,14.806368,-3.0457478,-6.514434,-5.1902237,-6.8691087
-4.4487214,-1.8907877,12.2149,13.881289,13.865344,14.509734,19.708542,10.736233,-5.089261,-3.2336137,-7.843063,-3.9516532
-3.0717657,-3.732039,10.859018,15.532665,12.264586,16.494589,19.316803,12.846927,-3.3934762,-4.646457,-6.06264,-5.18143
-6.6544476,-1.4461794,14.621517,14.035154,15.786541,14.107535,21.407845,9.476533,-7.2255154,-3.1443617,-9.743604,-3.7401116
-5.38328,-2.3802743,13.399448,14.65614,14.737096,15.11885,20.934938,10.98487,-6.1118813,-3.9666777,-8.64626,-4.7474065
-3.9725952,-2.8753533,11.83977,14.357258,13.29229,14.784922,19.645176,11.13006,-5.007277,-4.51826,-7.4468575,-4.176893
-2.040037,-0.59738076,10.944854,11.952614,11.9630995,12.966946,17.58575,9.998214,-3.9124503,-1.4334083,-6.6883397,-1.9249665
-4.4637785,-2.5649002,12.530257,14.653893,14.157394,15.256262,20.060099,11.013386,-5.6370125,-3.8879993,-8.150313,-4.8312387
-6.778968,-1.1327375,14.7012615,13.86282,15.821921,13.75108,21.20992,9.400518,-7.208246,-2.7537873,-9.802582,-3.5017219
-1.5118107,-4.7382708,9.099899,16.250433,10.4675665,16.980455,17.916817,14.36812,-3.1472096,-6.2668676,-5.3030276,-6.2606854
-0.58910453,-1.1598808,8.892923,12.607097,10.075287,13.571259,16.414965,11.280931,-2.004841,-2.1332402,-4.8586154,-2.0884311
-4.770944,-3.2803657,12.595449,15.451935,14.262503,16.057714,20.60844,11.745151,-5.4859657,-4.4982514,-8.192631,-5.565988
-3.7294443,-2.8760765,11.768985,14.814484,13.229754,15.358101,19.541073,11.693997,-4.7043977,-3.7978146,-7.251852,-4.617022
-3.1209214,-4.2865353,10.561891,16.21095,12.146918,16.698223,18.701782,13.724242,-3.4811757,-5.3406606,-5.3384914,-5.577304
-6.201577,-1.6715128,14.098119,14.371273,15.640373,14.427431,21.386143,10.163949,-6.830168,-3.3346064,-9.4721985,-4.4055467
0.40129095,-2.8256712,7.756739,14.056577,9.331241,14.884925,15.943441,12.743265,-0.85575974,-3.1023414,-3.7106924,-2.9002905
0.20081244,-2.9555748,7.712097,14.230631,9.435152,14.895751,15.917482,13.118199,-0.61985576,-3.0885873,-3.6140296,-2.8860686
0.42064184,-3.409128,7.742802,14.490997,8.960512,15.380251,15.75613,13.353131,-0.37208313,-3.3740032,-3.1785753,-3.139648
-5.416197,-4.700731,13.001242,17.206553,14.464471,17.955635,21.42382,13.471933,-1.1945757,-5.57309,-3.2845216,-6.0324583
-3.2271898,-3.0824263,10.81872,15.117299,12.444366,15.692208,18.990635,12.147398,-3.9945028,-4.012545,-5.932162,-4.402318
0.97110283,-1.8570619,7.402393,13.16852,8.8099,13.987197,14.921611,12.290307,-0.58445287,-1.6469167,-3.3661911,-1.5710298
0.9074057,-0.8437338,7.5378222,12.276612,8.796367,13.232676,14.77492,11.456173,-0.88722074,-1.1473714,-3.8106394,-1.2170401
-0.18671834,-1.3187238,8.642653,12.627751,10.077112,13.630548,15.846006,11.310423,-1.6971596,-1.7569267,-4.597377,-2.0527654
-1.1708311,-1.0970911,9.716563,12.832561,10.918071,13.762967,16.907549,11.048957,-2.5564485,-2.1454551,-5.291507,-2.4919832
-2.8492718,0.022605767,11.23227,12.067992,12.392339,12.743762,17.688583,10.233508,-3.9891438,-1.8770862,-6.6987677,-2.282324
-0.8171786,-4.450724,8.543908,15.305747,10.095754,16.716263,17.430593,14.208513,-2.4618785,-5.7284737,-4.6689615,-6.0517144
-4.247121,-1.2948201,12.779564,14.425777,14.163335,15.458131,20.350082,11.481008,-5.154943,-3.3653743,-7.8493133,-4.1807127
3.2027416,-4.1889725,4.9624877,13.966777,6.177813,15.699517,13.035222,14.135436,2.129671,-2.505068,-0.83819497,-1.9677786
-3.372247,-3.1941736,11.162938,15.338543,12.674638,16.286354,19.407944,12.511768,-4.0887957,-4.5217867,-6.4243712,-4.926265
2.3822682,-4.188805,5.4775357,14.360788,6.994884,16.057447,13.906739,14.269333,1.5809715,-2.938175,-1.510606,-2.8193142
0.7139141,-1.2734984,7.9539156,12.362071,9.050041,13.599573,15.098237,11.634498,-1.11236,-1.5844319,-3.9505334,-1.6589895
0.81237274,-2.1464305,7.756695,13.210797,8.976575,14.396057,15.363683,12.48983,-0.62057406,-2.2403586,-3.5321362,-2.105434
-1.3656095,-3.568098,9.200057,14.905198,10.661933,15.873034,17.35028,13.142057,-1.8027731,-4.242126,-4.152568,-4.580462
-3.4600973,-2.8513036,11.318817,14.885938,12.817564,15.054121,19.17072,11.9313755,-4.506038,-4.1559243,-7.1542363,-4.5532327
-3.9980044,-3.8627117,11.665713,15.876542,13.100035,16.372562,19.693594,12.575112,-4.606963,-4.555223,-6.7299457,-5.0287685
-3.0161726,-4.7157893,10.596312,16.894682,12.306076,17.571901,19.445492,14.141729,-3.5478666,-5.904242,-6.0849442,-6.2007103
-0.446806,-0.6254085,9.0694275,11.970636,10.203179,13.087603,16.113777,10.755409,-2.1808383,-1.4893084,-5.1146464,-1.6208658
-3.0735626,-1.7400442,11.346528,14.29365,12.666537,15.555844,18.892893,11.781874,-3.9508624,-3.667536,-6.725117,-4.370061
1.2369224,-2.2509975,7.181794,13.553635,8.476045,14.144935,15.0101795,12.83327,-0.33661062,-1.6544839,-3.132,-2.1469603
-3.2336001,-1.4273701,11.930273,13.281265,13.212915,13.911706,18.721832,10.456897,-4.5508995,-2.4012337,-7.271554,-3.2283845
-3.394659,-4.002849,10.634995,15.552915,12.056697,16.342073,18.872955,13.107768,-3.5996704,-5.0380898,-5.620331,-5.2898192
-1.2670163,-4.895301,8.916994,16.222448,10.673927,16.955648,17.762342,13.988497,-2.044956,-5.53256,-4.2268167,-5.529168
-3.212455,-3.029493,11.506697,14.989475,13.0189905,15.833711,19.255522,12.097816,-3.973048,-4.269784,-6.4354544,-4.875076
-1.4726648,-1.3368516,9.768008,12.867963,10.752805,14.094579,17.12832,11.283911,-2.4703586,-2.5429184,-5.2359347,-2.6537402
-5.4238358,-4.733807,13.034427,17.170519,14.344514,17.980398,21.301641,13.398284,-1.3810176,-5.6436133,-3.2461734,-6.128902
-2.1812792,-6.759449,9.278889,18.284246,10.813634,19.051239,18.70285,15.924451,-2.8198392,-7.697396,-4.821779,-7.982516
0.013657458,-3.5367994,7.952607,14.597866,9.382245,15.708345,16.136139,13.5509205,-0.59040666,-3.7409678,-3.2264311,-3.6168334
-1.1509755,-2.5108788,9.121602,14.322696,10.718768,15.193565,17.247028,12.421289,-1.9614955,-3.771183,-4.261998,-4.272233
-1.919172,-4.312886,9.489291,15.835447,11.128301,16.681292,18.38719,13.727296,-2.2138135,-5.177501,-4.4967995,-5.6120358
-3.7963958,-0.47807384,11.734601,12.5948305,13.142327,13.268224,18.647999,9.8838825,-4.3867025,-2.4511733,-6.9411087,-2.760699
-1.6455019,-3.8130605,9.554109,15.124706,11.087051,16.223639,17.924313,13.1715555,-2.1097221,-4.7227,-4.4148693,-5.0589285
-1.3429594,-1.3882478,9.552228,13.24971,10.71725,14.062341,16.662832,11.520552,-2.0600655,-2.6009402,-4.8692017,-2.9266975
-3.2932067,-0.44460273,10.65406,12.896259,12.00586,13.83885,17.535429,11.035264,-3.0397303,-2.4710996,-5.821506,-2.8553603
-3.4065874,-0.68977404,10.657603,12.944137,12.159126,13.979523,17.764946,11.2354965,-3.0618694,-2.9504652,-5.5437884,-3.3492415
-5.428975,-5.099091,12.809445,17.474773,14.036912,18.109024,21.26164,13.980019,-1.1904029,-5.118498,-3.4193525,-5.397172
